sampleID	sample_category	section	cruise_id	date	lat	lon	depth	ocean_category	environment	dcm.layer	dcm.max	pro_HLI	pro_HLII	pro_HLIII_HLIV	pro_LLI	pro_LLII_LLIII	pro_LLIV	pro_LLVII	pro	pro_LLVIIa	pro_LLVIIb	pro_LLVIIc	pro_LLVIId	pro_LLVIIe	pro_LLVIIf	pel_Ia	pel_Ib	pel_Ic	pel_IIa	pel_IIb	pel_IIIa	pel_IIIb	pel_IV	pel_V	sar11	bacteria	archaea	eukaryotes	viruses	LongCode	LongWind	LongDesc	FeT_darwin_clim
S0582	timeseries	BATS	173	2003-02-21	31.667	-64.167	1	north atlantic	surface	0	0	0.03292148057723329	0.6633735885250904	0.002385665082617605	0.09498016305532546	0.0020089811222042987	0.003531412128874744	0.004169682172908401	0.11596352101185996	0.1999163529903806	0.1865328314512756	0.29945629443747385	0.13383521539104978	0.07570054370556252	0.02300292764533668	0.3120487753946927	0.3165394527879897	0.00791803359765245	0.1397313946267935	0.01626414327085291	0.006720629530105453	8.29775191370338e-4	0.05322925424641575	0.08315886073514785	0.3680113992793345	0.9327487414239473	0.023058625962966903	0.03445446739391135	0.0038520698404044267	NASW	Westerlies	N. Atlantic Subtropical Gyral Province (West) (STGW)	9.974488e-4
S0583	timeseries	BATS	173	2003-02-21	31.667	-64.167	40	north atlantic	dcm	1	1	0.03046302840005442	0.519563639165564	0.002457268687462151	0.2637927900052613	0.005756100732364793	0.003564303747786231	0.007776936348192927	0.13010310151971027	0.29862992491678925	0.19018499883891943	0.20241504760430373	0.11378589674123384	0.058518461181205975	0.01486183141109993	0.28039329520883155	0.32296042862669333	0.01590774630621616	0.14531152197121347	0.04002795968978691	0.0066113708272847165	0.0010595571278115344	0.02677090487672998	0.0894723909132115	0.2830272717041414	0.8945207145608938	0.08331852451021433	0.011888437049004765	0.0027236225621146263	NASW	Westerlies	N. Atlantic Subtropical Gyral Province (West) (STGW)	9.969359e-4
S0584	timeseries	BATS	173	2003-02-21	31.667	-64.167	180	north atlantic	mixed.layer	0	0	0.051578418383663026	0.2803691351820549	0.049979441728722186	0.3475718397368541	0.059207821280095024	0.07067476814838504	0.05468500159897666	0.0021433268694404616	0.24477861319966582	0.19047619047619047	0.28153717627401836	0.11278195488721804	0.0810359231411863	0.015873015873015872	0.26818769263426906	0.31399162138482317	0.026030313688193144	0.1421946311099272	0.06659188485543455	0.006455654316568472	0.0012357728991548545	0.013698806890193524	0.0777071813431174	0.2352523757841762	0.8416505526295485	0.13355984375422272	0.015362059599155086	0.001320032414771203	NASW	Westerlies	N. Atlantic Subtropical Gyral Province (West) (STGW)	9.807382e-4
S0585	timeseries	BATS	174	2003-03-22	31.667	-64.167	1	north atlantic	surface	0	0	0.0708327495716087	0.4845240276325858	0.0019722165342874695	0.25859476877647136	0.003718113138410803	0.004976344178728082	0.005792712498248715	0.05259062934159694	0.18093023255813953	0.21255813953488373	0.28651162790697676	0.14	0.06976744186046512	0.02	0.3442778493867248	0.30983964123560104	0.008411489554268263	0.1146128720239691	0.01725878091308199	0.00450299935444713	8.098364241947211e-4	0.04914952162602114	0.07980191606954813	0.33033650232272116	0.9203633604465066	0.03600972305172332	0.034602416876905344	0.001987543668362037	NASW	Westerlies	N. Atlantic Subtropical Gyral Province (West) (STGW)	9.801523e-4
S0586	timeseries	BATS	174	2003-03-22	31.667	-64.167	80	north atlantic	dcm	1	1	0.03910771256029091	0.28493275832922704	0.0026939829584896433	0.5245461771698432	0.008193448837702812	0.009074658216648024	0.01018965783898686	0.0313924697230403	0.2576773738086834	0.1906106600776562	0.22943875750088247	0.13060360042357924	0.06918460995411224	0.015178256265442993	0.3054329759907636	0.3124794176103894	0.016813633000011624	0.13722836088629223	0.04165778798879543	0.0053741830002053395	0.0011230720354578878	0.019809944635793404	0.07672775842764104	0.23314797390884218	0.8141171550299797	0.11281651517130889	0.06119796709462793	0.0017634531615074915	NASW	Westerlies	N. Atlantic Subtropical Gyral Province (West) (STGW)	9.800503e-4
S0587	timeseries	BATS	174	2003-03-22	31.667	-64.167	180	north atlantic	mixed.layer	0	0	0.08772046147725766	0.31613844317729745	0.04037926004508686	0.17623657339875348	0.07233788622198647	0.12438668611589974	0.10423020819519957	0.0011425819032814496	0.26463104325699743	0.16030534351145037	0.2627226463104326	0.11641221374045801	0.08969465648854962	0.018447837150127225	0.22424196408812014	0.2796917081200985	0.06723156359425951	0.11692218891376119	0.1359126132464907	0.006022269455144231	0.0017393832695660127	0.007753456226168141	0.0680555273950708	0.17561177791183574	0.8184454628505956	0.16228897897859906	0.008390726950122232	0.0011300818360462394	NASW	Westerlies	N. Atlantic Subtropical Gyral Province (West) (STGW)	9.806975e-4
S0567	timeseries	BATS	175	2003-04-22	31.667	-64.167	10	north atlantic	surface	0	0	0.12121580070895595	0.6443038718395644	0.0024402185621119838	0.037343569456140695	0.004359491588492196	0.00758308689606549	0.0073598245236090164	0.01777123061865294	0.2293773283661522	0.17881852048962213	0.2538584353379457	0.15646620542841938	0.10643959552953698	0.012240553485896753	0.39866867957654395	0.22240057041069042	0.0024590735140989314	0.12405718572042519	0.003449749242481504	0.007308774984374702	5.430635083206362e-4	0.06503088508797893	0.13061678449597916	0.44848869885328735	0.9833578782192671	0.005324512812959477	0.005839193211675992	0.0015788451181617516	NASW	Westerlies	N. Atlantic Subtropical Gyral Province (West) (STGW)	9.7157125e-4
S0568	timeseries	BATS	175	2003-04-22	31.667	-64.167	80	north atlantic	dcm	1	1	0.015148761597431063	0.0743784282646245	0.0010935680185084806	0.7259916781370153	0.05202428605969427	0.02244105873819318	0.04599464910215221	0.1096479338096883	0.3097062360419172	0.19055145164061157	0.19347191204260436	0.10438069060298917	0.06124377254767222	0.011991066827005669	0.33523288507703636	0.28182277147309964	0.02752745312066602	0.10213828031616735	0.06642827067789203	0.004406068721102635	0.0011608833688865298	0.02390112686005743	0.0755167851662353	0.17366726178547948	0.7830053335433447	0.10292921655627642	0.10152610850950591	0.0022493914305836663	NASW	Westerlies	N. Atlantic Subtropical Gyral Province (West) (STGW)	9.647014e-4
S0569	timeseries	BATS	175	2003-04-22	31.667	-64.167	180	north atlantic	mixed.layer	0	0	0.08429325008074066	0.31564215739046186	0.024437506728388417	0.20174399827753256	0.08321670793411562	0.1306922166002799	0.08483152115405318	0.0011586716575989913	0.25761421319796957	0.13705583756345177	0.28553299492385786	0.11928934010152284	0.06979695431472081	0.02284263959390863	0.2663352299507181	0.2827826355817487	0.04045677182901033	0.14163106581350307	0.09753251209423511	0.005698650246912184	0.0014623686727574605	0.00697751584599316	0.07479384183794667	0.19848647969006625	0.8362137968119753	0.14095230112141305	0.013568021410665591	0.0010258279375706862	NASW	Westerlies	N. Atlantic Subtropical Gyral Province (West) (STGW)	9.766859e-4
S0606	timeseries	BATS	176	2003-05-20	31.667	-64.167	1	north atlantic	surface	0	0	0.08671839633769231	0.6871226273742197	0.0017852474799319056	0.010010137655332471	0.004106069203843383	0.004839295847386844	0.0069305857524499335	0.017882892882679097	0.23551057957681693	0.17847286108555657	0.23919043238270468	0.15087396504139836	0.09107635694572216	0.012879484820607176	0.40476964996257536	0.1828534076794903	0.0017506460080070321	0.09108636418331739	0.0022834623989688345	0.010416687911339352	5.208343955669676e-4	0.05382133876109227	0.20580861643134368	0.44724642945874266	0.9805275647803208	0.004748901681088391	0.009695626757535446	0.00097748701349269565	NASW	Westerlies	N. Atlantic Subtropical Gyral Province (West) (STGW)	0.0010074581
S0607	timeseries	BATS	176	2003-05-20	31.667	-64.167	100	north atlantic	dcm	1	1	0.0051878473409950115	0.03469522840655167	0.0024424374619618576	0.3640075876376592	0.174710243755081	0.11810948765676157	0.23012576464996023	0.134504135095563	0.3616539901934288	0.17096251109995753	0.17750665997451837	0.09462955098258755	0.060275665032238135	0.011601868653719934	0.2551076039098004	0.32472973957124507	0.031058424441085166	0.12651516337458166	0.08790585006714396	0.005483140500030288	0.0014769631188016044	0.011071778365689263	0.07229360121042913	0.1755797523005816	0.8460412453136301	0.08952741218688022	0.043283343793962724	0.0114377780571528	NASW	Westerlies	N. Atlantic Subtropical Gyral Province (West) (STGW)	9.5824356e-4
S0608	timeseries	BATS	176	2003-05-20	31.667	-64.167	180	north atlantic	mixed.layer	0	0	0.014259503257028162	0.04472410693396052	0.007807016463692448	0.11099754953268727	0.12398872046201775	0.23159994581881319	0.4040438867613196	0.008884881653253842	0.429842740460807	0.14857369255150554	0.14583079361209314	0.08570035352919664	0.05964281360477874	0.01088016579300256	0.19563380166982308	0.2668384060563194	0.07440153813673203	0.12193016363063418	0.1744493386550826	0.006106939094120661	0.001974042376443804	0.004184894660312476	0.06340240706620716	0.17463826839281224	0.850128986088058	0.12885490834761376	0.01195332715618033	0.0011796327252568425	NASW	Westerlies	N. Atlantic Subtropical Gyral Province (West) (STGW)	9.790421e-4
S0588	timeseries	BATS	178	2003-07-15	31.667	-64.167	10	north atlantic	surface	0	0	0.029362195186180017	0.739611313003634	0.003186390688365724	0.016247959129931006	0.009085163532943592	0.01084952862484858	0.017459314267656817	0.005179935722091142	0.2383107088989442	0.19306184012066366	0.2458521870286576	0.14479638009049775	0.09049773755656108	0.033182503770739065	0.49441892923544845	0.1100948230555835	0.0010033271425913897	0.07575094513010215	9.644444037827568e-4	0.01019922193860695	3.8171159274880123e-4	0.006975004244063648	0.26197690009525	0.5367506850040084	0.9897060133441932	0.0031563315077017683	0.003676316628379375	3.9776406398108627e-4	NASW	Westerlies	N. Atlantic Subtropical Gyral Province (West) (STGW)	0.0010485409
S0589	timeseries	BATS	178	2003-07-15	31.667	-64.167	120	north atlantic	dcm	1	1	0.013076234612248572	0.08947314208752344	0.0017830835573728774	0.7696156502801865	0.0173136547846364	0.011062042652051152	0.014826859124280924	0.1644566668892064	0.26620741994804287	0.17475699816106716	0.2459207799410374	0.10540295980618232	0.07525029919145335	0.010478998219445985	0.2789390639009627	0.307748075389975	0.025494580210694846	0.16271528230154003	0.07702250552847005	0.004489707469879199	0.0013664615207219053	0.011859785938700086	0.05212467536598571	0.2148063982685745	0.8236012061558189	0.07770745554104698	0.030786140795332304	0.05547673347176348	NASW	Westerlies	N. Atlantic Subtropical Gyral Province (West) (STGW)	9.459706e-4
S0590	timeseries	BATS	178	2003-07-15	31.667	-64.167	180	north atlantic	mixed.layer	0	0	0.08406572411157814	0.23547955674436377	0.0165265571264807	0.14472678639663736	0.06916316392816202	0.1987963316774933	0.18599541459686664	0.00103701513994553	0.3389830508474576	0.15408320493066255	0.21212121212121213	0.10118130457113508	0.07087827426810478	0.01386748844375963	0.20953319287323072	0.26128487067446465	0.07180013030524801	0.12857222974989285	0.16202024370266307	0.00569064204760642	0.0019663491197471996	0.003947238144957318	0.06611779677504896	0.14308005384395003	0.8352606149416565	0.14615920025011997	0.00992306988182307	4.910664929986618e-4	NASW	Westerlies	N. Atlantic Subtropical Gyral Province (West) (STGW)	9.831947e-4
S0591	timeseries	BATS	179	2003-08-12	31.667	-64.167	10	north atlantic	surface	0	0	0.01316842040489816	0.7766701536315714	0.0018665518019403934	0.0050937036353318425	0.0030562221811991056	0.0029673387620590868	0.005168912682296474	0.018056178481100325	0.2328042328042328	0.16666666666666666	0.26851851851851855	0.17989417989417988	0.07142857142857142	0.011904761904761904	0.5527564899618618	0.09336547650411665	8.824870434083492e-4	0.05230613234923835	7.945056857344791e-4	0.012514497480622227	3.7185490950558366e-4	0.004031587737829165	0.24425787967844514	0.5079502171484499	0.9883029088472793	0.003871623717827876	0.003968287770984957	5.694907754963169e-4	NASW	Westerlies	N. Atlantic Subtropical Gyral Province (West) (STGW)	0.0010495622
S0592	timeseries	BATS	179	2003-08-12	31.667	-64.167	100	north atlantic	dcm	1	1	0.10932850087988429	0.35337488598358163	0.0015824096851764836	0.3573954043321632	0.012776173102260058	0.005014419046039599	0.007990938573942527	0.1484963965130293	0.23225481011746055	0.18750450385530013	0.27779779491244505	0.11090293291057145	0.05736110110254378	0.012106363046768034	0.34262813323772795	0.27355172607433526	0.008251969751217168	0.12521135488176624	0.016724342596647082	0.0036170127817564666	8.640840011698567e-4	0.0668285552820624	0.09332496732094034	0.263433017179178	0.9127941787365794	0.047029519673597156	0.022223597986952164	0.009013976306481009	NASW	Westerlies	N. Atlantic Subtropical Gyral Province (West) (STGW)	9.4495894e-4
S0593	timeseries	BATS	179	2003-08-12	31.667	-64.167	160	north atlantic	mixed.layer	0	0	0.004775834057365585	0.017904746378758097	0.003060387068567861	0.12964592507238779	0.1356296116531833	0.20918449576788484	0.438720936048655	0.07262390573278435	0.4427586964048948	0.14696269772234	0.14384643318610602	0.080938426328635	0.0588332165086014	0.010708464585215901	0.22391202989249995	0.2849933346029328	0.05891357311251059	0.11892119070915885	0.16240913060894804	0.005640304966541677	0.0018341333998778558	0.005492549859140131	0.04821873009410359	0.20487356898343403	0.831203950905362	0.11787989712663874	0.035825260587221984	0.0054864716363677455	NASW	Westerlies	N. Atlantic Subtropical Gyral Province (West) (STGW)	9.6648413e-4
S0570	timeseries	BATS	181	2003-10-07	31.667	-64.167	1	north atlantic	surface	0	0	0.011493964782609447	0.7617761498718283	0.0020967259615467717	0.002203895796349657	9.014365943500755e-4	0.0010302132506858006	0.0017026175367877744	0.15145371306649913	0.19746192893401016	0.1431472081218274	0.3868020304568528	0.11979695431472082	0.06954314720812182	0.013197969543147208	0.2981405645289707	0.26831049785722694	0.0021696010080379954	0.1463321021330804	0.0028818393924078677	0.016924532155442783	5.85887468066104e-4	0.038768528583000436	0.17169272149488712	0.30250688029111567	0.9609581684845034	0.01229754272979845	0.017474663184797585	0.003704787242745833	NASW	Westerlies	N. Atlantic Subtropical Gyral Province (West) (STGW)	0.0010490916
S0571	timeseries	BATS	181	2003-10-07	31.667	-64.167	80	north atlantic	dcm	1	1	0.07930839666078905	0.32809106503803065	0.001900037351161604	0.3437409453348228	0.04818898149279858	0.004458207298092185	0.029157838145536193	0.17194294497614723	0.2645834554728264	0.2086240253268453	0.2161282757812042	0.10760977897637333	0.0539368001407047	0.015213695257079204	0.2975104183244014	0.2784091809395472	0.013297701940505495	0.1674778802214768	0.02991810704436494	0.0051359635253584324	0.0010223702041089087	0.03361489849668867	0.1046634273238771	0.21332057893298928	0.8495100778916853	0.07803820706129182	0.05691981819541891	0.005479944077764415	NASW	Westerlies	N. Atlantic Subtropical Gyral Province (West) (STGW)	9.5751457e-4
S0572	timeseries	BATS	181	2003-10-07	31.667	-64.167	180	north atlantic	mixed.layer	0	0	0.013387530321903887	0.05006228282960729	0.015931292204812167	0.09640070805743133	0.1310955221923556	0.19545007539500425	0.41966826198124957	0.009251459684185141	0.4302943198150347	0.1497219271386615	0.14897206773729926	0.08051615322127101	0.059582578266575016	0.010779228894582266	0.1781770144385275	0.24332591257394132	0.09909996664597726	0.10615158484134078	0.21063021594322287	0.006242717486174713	0.0021772035321997634	0.0035034855391489557	0.05250150793449305	0.13856761468704556	0.8222421758355973	0.153126851444351	0.012351089892672635	0.0025641821911008395	NASW	Westerlies	N. Atlantic Subtropical Gyral Province (West) (STGW)	9.7631244e-4
S0609	timeseries	BATS	182	2003-11-04	31.667	-64.167	1	north atlantic	surface	0	0	0.011772372672822898	0.7413030839744197	0.002475291699904006	0.016759190406013817	0.0010151021456674284	0.0014861484796452281	0.0016900342062923354	0.21187853584463573	0.19424	0.13696	0.40192	0.10528	0.0704	0.01024	0.2936900457635973	0.30503740438832705	0.003922763921511427	0.14461035146728096	0.007156656094453908	0.009700883801050034	7.035370274510239e-4	0.053779163096133675	0.11800357198630501	0.2890971659158213	0.9477526889950925	0.023873697555600676	0.01536956580526849	0.0062349806097179205	NASW	Westerlies	N. Atlantic Subtropical Gyral Province (West) (STGW)	0.0010408376
S0610	timeseries	BATS	182	2003-11-04	31.667	-64.167	80	north atlantic	dcm	1	1	0.008125690890277293	0.07203276157522734	0.003021128488544846	0.29624230346364666	0.15352459183658232	0.07679838023714117	0.1973996395549833	0.1986103288129957	0.36187760329995056	0.1812980948634938	0.1615407501538027	0.10929069216261737	0.0501674180307202	0.012727804504150151	0.28163116458198423	0.33745271122320303	0.024215943560205854	0.1093064312736444	0.06316485464026447	0.005755768378719198	0.0013107937698101633	0.013947718210013293	0.07807164036672233	0.1450197831084104	0.8141844877417482	0.10058266903619796	0.06431037485792598	0.010360900124018827	NASW	Westerlies	N. Atlantic Subtropical Gyral Province (West) (STGW)	9.843272e-4
S0611	timeseries	BATS	182	2003-11-04	31.667	-64.167	180	north atlantic	mixed.layer	0	0	0.05239167444670218	0.18803888187160195	0.019550771596463287	0.07891701905651052	0.07776374320391015	0.23010599154264375	0.23894777307924653	0.0024470364237387126	0.3399218570443576	0.1599632268444036	0.21190530912433922	0.09124339232360378	0.07239715008044127	0.014019765571133073	0.17484044008601354	0.24984153369649778	0.09222009790172601	0.1233026521984144	0.19885698405387253	0.006244301431643341	0.0021674930930992748	0.004093963012806822	0.05268372012835127	0.1566757771480744	0.8301961795107969	0.14957105301988405	0.008824059841591046	0.0022543267619428253	NASW	Westerlies	N. Atlantic Subtropical Gyral Province (West) (STGW)	9.7460125e-4
S0612	timeseries	BATS	183	2003-12-02	31.667	-64.167	1	north atlantic	surface	0	0	0.023462527407322256	0.7365989393767782	0.001996487129335513	0.015124953722408836	0.00258647358838555	0.002755524149717939	0.003717421843699232	0.07490940864725566	0.2432924056389268	0.15916325602546613	0.30559345156889495	0.10823101409731696	0.07094133697135062	0.017735334242837655	0.31117944242075024	0.24079019051442319	0.003127516745348887	0.1662202064132806	0.004712106399122402	0.029025389094789036	7.25917185418527e-4	0.041900886176820855	0.14638635529903657	0.35866501619342195	0.9653311974267813	0.012956383817342	0.012344357945857302	0.003946826057637819	NASW	Westerlies	N. Atlantic Subtropical Gyral Province (West) (STGW)	0.0010275204
S0613	timeseries	BATS	183	2003-12-02	31.667	-64.167	100	north atlantic	dcm	1	1	0.00969811195755707	0.0598246281748202	0.0035281225642332602	0.3583609879824804	0.18270118038988492	0.07568056125473802	0.10993221597058524	0.133978716572842	0.2980850828321588	0.1949169218659681	0.1974627654995142	0.11103936833560861	0.054674144313667614	0.012680023121671647	0.2593899211827981	0.309695453000359	0.023599890716979214	0.1764757973054111	0.06319791027991067	0.004929649055369005	0.0013628609278255538	0.012963062974340729	0.06949756813510431	0.22808037507523107	0.853803442355913	0.07766082464562718	0.03508183373132017	0.02261636982569943	NASW	Westerlies	N. Atlantic Subtropical Gyral Province (West) (STGW)	9.891914e-4
S0614	timeseries	BATS	183	2003-12-02	31.667	-64.167	180	north atlantic	mixed.layer	0	0	0.051279186683052175	0.13596246229471567	0.009384426321081444	0.09205675343537036	0.11183108032622054	0.23025360294939112	0.29616802591889174	0.001981865411167881	0.3941908713692946	0.14749151263674085	0.17238777819690682	0.0984534138061109	0.07016220294228594	0.01093926820067899	0.1384311366955924	0.22302915745651375	0.1376656851182154	0.08788946254364245	0.242032664474455	0.006342313069695147	0.002521303767115263	0.0029071538479563223	0.05720891360551125	0.14173625668998585	0.8337130561777254	0.14574227734513728	0.010265358737345154	7.173772687056123e-4	NASW	Westerlies	N. Atlantic Subtropical Gyral Province (West) (STGW)	9.7332627e-4
S0573	timeseries	BATS	184	2004-01-27	31.667	-64.167	1	north atlantic	surface	0	0	0.02299232250720875	0.630440926859178	0.0050951616814188	0.10269245085153604	0.0030642015083161256	0.007189444567142925	0.009101481597029702	0.048249976395794716	0.14423892754115053	0.24181231970134057	0.29051416935347024	0.16273544883760394	0.0587137281520448	0.020872221279484134	0.3077929876826337	0.3090514756806616	0.0131588295876274	0.13583237211704619	0.03117151826043226	0.0064110603610878225	9.288839985444292e-4	0.03400234398795509	0.0809951631308117	0.24123743714146106	0.83826070652845	0.08851059066850314	0.06064749371777896	0.0031517482500285597	NASW	Westerlies	N. Atlantic Subtropical Gyral Province (West) (STGW)	0.0010117644
S0574	timeseries	BATS	184	2004-01-27	31.667	-64.167	40	north atlantic	dcm	1	1	0.022255654306628403	0.6244655431800655	0.005044311558932477	0.1107220065993249	0.0027408690375352405	0.0063768189231216575	0.00774598920340333	0.054756564190526456	0.15292965562265382	0.24024808225885425	0.29247592622817037	0.1552146237963114	0.05206463195691203	0.018116533376856536	0.3061078330483679	0.3094494184134649	0.013065273778068504	0.13497907151199498	0.030970084981449916	0.006206012430933922	9.283166416564809e-4	0.031962810607155126	0.08383006546375503	0.23430159300004277	0.8350314082361836	0.09175959363054732	0.06054671140101459	0.00311908685663858	NASW	Westerlies	N. Atlantic Subtropical Gyral Province (West) (STGW)	0.0010115033
S0575	timeseries	BATS	184	2004-01-27	31.667	-64.167	180	north atlantic	mixed.layer	0	0	0.04307810302952832	0.17055477438322894	0.08241723124121181	0.05602070816822191	0.0515467212066982	0.27946439984660615	0.16940432059312285	0.0030347056392748244	0.2980569703829466	0.14072816449726466	0.25089605734767023	0.10262214676476136	0.07319373703074891	0.01490284851914733	0.1242898139912065	0.2258651319638735	0.1280392851619302	0.0883498808139511	0.25673894204685777	0.00686066483966551	0.002565384574469391	0.00398023303675251	0.0638506627038908	0.11851363430633284	0.7654787007634963	0.21032948163383383	0.00815215889164776	0.0039045214030053593	NASW	Westerlies	N. Atlantic Subtropical Gyral Province (West) (STGW)	9.7372656e-4
S0624	timeseries	BATS	185	2004-02-24	31.667	-64.167	1	north atlantic	surface	0	0	0.029798397683660202	0.655137966780022	0.004312802107969636	0.10460872539595038	0.0041161475369538	0.004630796733442051	0.004212382752557294	0.05398683849476275	0.19841072758877576	0.19692078470325305	0.29699528184752916	0.1539607648373479	0.07102061087658307	0.013906133598212068	0.31460693128694955	0.31888256452401315	0.01288591200915309	0.13669922986443556	0.0319325073171906	0.006149148317129749	9.659293417169804e-4	0.03493327430989046	0.07368011389206333	0.3378051534536683	0.8857377571408572	0.09261952874806449	0.009721393101693357	0.003235570116828957	NASW	Westerlies	N. Atlantic Subtropical Gyral Province (West) (STGW)	9.974488e-4
S0625	timeseries	BATS	185	2004-02-24	31.667	-64.167	40	north atlantic	dcm	1	1	0.033865271350990406	0.6388170421881276	0.0041546463281669785	0.11715121890144975	0.004445742843877322	0.004803614187564232	0.004513561028541022	0.053918411389752126	0.1793804900601017	0.2036523347202959	0.2857142857142857	0.15926953305594083	0.0705039297272307	0.013176144244105409	0.3083570787203287	0.3194386808230737	0.013424527934669233	0.14143882860635745	0.03343662769102474	0.006411419425452899	9.665290654752519e-4	0.03335465415082999	0.07355055276885837	0.3410771215918416	0.8895061437043844	0.08835273541800193	0.010453627533417692	0.003216613291783302	NASW	Westerlies	N. Atlantic Subtropical Gyral Province (West) (STGW)	9.969359e-4
S0626	timeseries	BATS	185	2004-02-24	31.667	-64.167	180	north atlantic	mixed.layer	0	0	0.050739074550128535	0.23480077120822623	0.04473007712082262	0.20369537275064267	0.11362467866323907	0.11137532133676092	0.15482005141388175	0.0026328491073736274	0.3638439186384392	0.14715649647156495	0.20900788709007886	0.09090909090909091	0.07181403071814031	0.011623080116230802	0.24073762112583066	0.28648074769380044	0.052097142715639116	0.12392528781935314	0.11257469491619417	0.006394823035872045	0.0014669553143647571	0.01601408779340414	0.07941613364848807	0.24257093654385253	0.8327656040937758	0.1489140131955487	0.006858267353474798	0.0022755701298530994	NASW	Westerlies	N. Atlantic Subtropical Gyral Province (West) (STGW)	9.807382e-4
S0576	timeseries	BATS	186	2004-03-23	31.667	-64.167	1	north atlantic	surface	0	0	0.05067626484779197	0.5647295909469645	0.002194469742476796	0.14597825876334605	0.008327358691650357	0.024076191214370143	0.023252659522932935	0.025206487494503618	0.13145833333333334	0.26979166666666665	0.236875	0.18770833333333334	0.057291666666666664	0.027291666666666665	0.3673130644965022	0.3036499839356234	0.009023627327474287	0.09556071677759986	0.019242671886640653	0.004105389313819128	8.132864212683592e-4	0.03814829827038753	0.0935752123605529	0.2789625567145358	0.896078981336908	0.06209076303877206	0.02846090697588943	0.004507979079011009	NASW	Westerlies	N. Atlantic Subtropical Gyral Province (West) (STGW)	9.801523e-4
S0577	timeseries	BATS	186	2004-03-23	31.667	-64.167	60	north atlantic	dcm	1	1	0.04988421743029622	0.578762933515373	0.0019810196897294837	0.1511625105408987	0.005313951465017602	0.013069375844945054	0.01390193952535839	0.03046331443666457	0.16753321779318314	0.25380319661082223	0.2509146928557674	0.16734065087617947	0.053918736761024454	0.02214519545542076	0.36404738986075535	0.30537729663089963	0.009424028908018217	0.10780602565805811	0.020023421739126947	0.004196773616675252	8.55927969464596e-4	0.03692439044536322	0.08146686059146707	0.3050832294497708	0.8947169520195764	0.06546474893505416	0.02678695358374233	0.0039727205543312796	NASW	Westerlies	N. Atlantic Subtropical Gyral Province (West) (STGW)	9.79447e-4
S0578	timeseries	BATS	186	2004-03-23	31.667	-64.167	180	north atlantic	mixed.layer	0	0	0.049114485257311755	0.49258694253092744	0.004946011012323314	0.21303601649464876	0.018318117893833575	0.02992634614926227	0.026732295664195646	0.005895779626317215	0.22068658047258136	0.1966116807846634	0.2688363798484173	0.1502452073116362	0.06464556397681677	0.0231832367365136	0.32454106996059007	0.30723825606177924	0.015130802422947601	0.13214395146505606	0.03772265288824875	0.00514600894587558	9.851807643862854e-4	0.020920299961759786	0.07912955615571067	0.2589040986159189	0.8272360060080655	0.13376230085073038	0.027031516485641467	0.0020706127574704517	NASW	Westerlies	N. Atlantic Subtropical Gyral Province (West) (STGW)	9.806975e-4
S0594	timeseries	BATS	187	2004-04-21	31.667	-64.167	1	north atlantic	surface	0	0	0.08306629449379525	0.5415067236136	0.0031420102139353436	0.14436431944731368	0.006894166142197581	0.017449206570356528	0.017881593297044876	0.01660991629885991	0.19022031166039763	0.2079527135948415	0.2686727565824825	0.1601289629231596	0.066899516389038155	0.02122514777001612	0.40258077986211027	0.2576620022603383	0.006345514045415552	0.11545336123202055	0.012631115508734981	0.00411740142791654	7.411912618406779e-4	0.06029588645657926	0.07155400529227808	0.3516277792983915	0.898349677492461	0.05113996819213038	0.03895163304603044	0.003494795910143167	NASW	Westerlies	N. Atlantic Subtropical Gyral Province (West) (STGW)	9.7157125e-4
S0595	timeseries	BATS	187	2004-04-21	31.667	-64.167	40	north atlantic	dcm	1	1	0.07620536059955253	0.5289975263160039	0.002060044909386551	0.17526479014438653	0.004696739382923838	0.01170415228438808	0.012867639567533203	0.03306288115812718	0.1702296120348377	0.22913697545526523	0.2577988915281077	0.16025336500395884	0.0709422011084719	0.022327790973871733	0.39627679485518386	0.2641247301769122	0.00654737471088107	0.10716319600333858	0.013105179606624419	0.004051779146166524	7.333578867611054e-4	0.061564050258656994	0.0753763963989439	0.29066098208006474	0.8695192271480959	0.06026417239754765	0.057424865831059206	0.0037360006084853933	NASW	Westerlies	N. Atlantic Subtropical Gyral Province (West) (STGW)	9.635841e-4
S0596	timeseries	BATS	187	2004-04-21	31.667	-64.167	180	north atlantic	mixed.layer	0	0	0.06049013747758518	0.48453078302450686	0.005260011954572624	0.18618051404662284	0.045594739988045425	0.028559473998804544	0.024518828451882847	0.005123349932211313	0.2038030229156509	0.20429058995611896	0.2691370063383715	0.14188200877620674	0.0780107264748903	0.02242808386153096	0.34682700052146764	0.28085304117669285	0.013475859801967428	0.11865614875809123	0.03200709215250149	0.0045476214024567935	9.757966338746057e-4	0.03600436906626008	0.0835885925884215	0.25451865377105504	0.8287806463909813	0.13871796084180468	0.019466034854213898	0.0019223127432442828	NASW	Westerlies	N. Atlantic Subtropical Gyral Province (West) (STGW)	9.766859e-4
S0615	timeseries	BATS	188	2004-05-18	31.667	-64.167	10	north atlantic	surface	0	0	0.04256790806596642	0.7552444097506991	0.0017786034010849482	0.0049850300880408685	0.0029692795668112607	0.0035473256721638684	0.004159955732537573	0.024900355397748628	0.24346793349168647	0.13895486935866982	0.27315914489311166	0.16508313539192399	0.0997624703087886	0.020190023752969122	0.4120135949373749	0.20336113806390907	0.0016565860790068452	0.09034600581669618	0.0020820983219339813	0.008813415946390566	4.528410604500673e-4	0.05690345086342462	0.1836486321160601	0.48166501181809157	0.9857049870218126	0.00432729267470237	0.005332380980383063	0.0011717828777978699	NASW	Westerlies	N. Atlantic Subtropical Gyral Province (West) (STGW)	0.0010074581
S0616	timeseries	BATS	188	2004-05-18	31.667	-64.167	80	north atlantic	dcm	1	1	0.008420483865658206	0.054902281295015475	0.0011873586038660669	0.6343582531071676	0.1058270247812865	0.022758463335478752	0.11547743507838723	0.19393755671528826	0.385296300483144	0.17162180095252605	0.15872485365601915	0.09193498444404032	0.06091153500213802	0.010532834625157894	0.32013160215258396	0.28823342443587335	0.02325256991862547	0.1107702930658778	0.06188778545102732	0.004200747087325919	0.0010810746180618174	0.043053672116544824	0.0713006074941886	0.2209460319221491	0.8753313757890607	0.09009172631540943	0.022204874663891056	0.003308034076944787	NASW	Westerlies	N. Atlantic Subtropical Gyral Province (West) (STGW)	9.5529936e-4
S0617	timeseries	BATS	188	2004-05-18	31.667	-64.167	180	north atlantic	mixed.layer	0	0	0.10004955401387512	0.3769078295341923	0.022101090188305254	0.11858275520317146	0.11020812685827552	0.12205153617443013	0.0921209117938553	9.57649266223791e-4	0.25658956428187196	0.15492200107584722	0.2877891339429801	0.11188811188811189	0.08230231307154384	0.01775147928994083	0.32156460191037906	0.26568742422549446	0.03695362730795699	0.1176628088023216	0.08506502118292292	0.004993050413999004	0.0013437606710866939	0.008949354174085301	0.07808243639640731	0.2272188977893535	0.8255183442747214	0.1582377317322589	0.006930856062040866	0.001038560663593046	NASW	Westerlies	N. Atlantic Subtropical Gyral Province (West) (STGW)	9.790421e-4
S0618	timeseries	BATS	189	2004-06-15	31.667	-64.167	10	north atlantic	surface	0	0	0.10520059962567746	0.6931176100126843	0.001552285407630148	0.0057124103000789446	0.003752095585300301	0.004328658736705784	0.006191401225861962	0.015473969850073913	0.2163323782234957	0.19054441260744986	0.22636103151862463	0.14756446991404013	0.11604584527220631	0.015759312320916905	0.4697732443509022	0.15857033207865026	0.0011499428739829756	0.05954878693810047	0.001333306942103139	0.004895298292377443	3.66453227592471e-4	0.04233675649581644	0.2213943806473109	0.4992831054176807	0.9872024091391363	0.004221209263765872	0.004594686223078707	7.697386210313784e-4	NASW	Westerlies	N. Atlantic Subtropical Gyral Province (West) (STGW)	0.0010441872
S0619	timeseries	BATS	189	2004-06-15	31.667	-64.167	100	north atlantic	dcm	1	1	0.004865894867766804	0.047681445475747625	8.193274800729884e-4	0.7816133809832954	0.06386942195877303	0.010407734906593823	0.04104716879682328	0.17043894886256467	0.3235147348285326	0.1881844140722464	0.1803664994039533	0.10551412492029608	0.060672007984253276	0.011241717723378892	0.3357183963830054	0.3200200178353246	0.020370100215532507	0.09580226605877999	0.05069053491040793	0.004022328999326485	0.0011123146828218408	0.028884955264273333	0.06825821475982236	0.2532691792414525	0.9137897711552712	0.06683793259378856	0.008792418112811885	0.0023354709087292772	NASW	Westerlies	N. Atlantic Subtropical Gyral Province (West) (STGW)	9.4981305e-4
S0620	timeseries	BATS	189	2004-06-15	31.667	-64.167	180	north atlantic	mixed.layer	0	0	0.1050494350282486	0.3123234463276836	0.02871939736346516	0.10293079096045198	0.09945856873822975	0.18697033898305085	0.10346045197740113	0.0011163935547456943	0.2707622298065984	0.14050056882821388	0.2923777019340159	0.09613196814562003	0.08873720136518772	0.01422070534698521	0.2691620273030637	0.2620769015959815	0.05696859378498942	0.12035278992691321	0.12577907396622678	0.0056145993222923235	0.00172439205802081	0.00524668354810243	0.06489071840575389	0.17339782380784155	0.8378219576978035	0.14600860067176774	0.006004097516503959	0.0017773468951848236	NASW	Westerlies	N. Atlantic Subtropical Gyral Province (West) (STGW)	9.819918e-4
S0621	timeseries	BATS	191	2004-08-17	31.667	-64.167	1	north atlantic	surface	0	0	0.015233407698735789	0.7579597813503837	0.00243795855470457	0.007321542200449259	0.004377592247598458	0.004599921801329378	0.0074518733181535915	0.013970061781780774	0.23045267489711935	0.1748971193415638	0.27469135802469136	0.13065843621399176	0.09670781893004116	0.00205761316872428	0.5103742422827146	0.10159224571898512	9.7844762340222e-4	0.05014070339884035	0.001041983183363403	0.020633897625709562	4.001625618607849e-4	0.011153277420554355	0.25976658595792784	0.48042491642028745	0.9825717221838738	0.005031865518461973	0.007313673335728848	0.0010674854970522856	NASW	Westerlies	N. Atlantic Subtropical Gyral Province (West) (STGW)	0.0010495622
S0622	timeseries	BATS	191	2004-08-17	31.667	-64.167	120	north atlantic	dcm	1	1	0.06547982430565152	0.45307500169076065	0.0017416531273869978	0.30253261245481033	0.002225470794852035	0.0021343167415615208	0.003411830619935776	0.20020205473636543	0.1820472023335985	0.14969504110315565	0.39233625033147707	0.10991779368867674	0.05582073720498541	0.009082471492972687	0.247056962057725	0.30220736806638693	0.008029539447205561	0.17793120093016557	0.016801388420927224	0.005029578022039544	9.406456198276012e-4	0.07449056469801879	0.10365569946585802	0.2653040273964849	0.9278095831092746	0.044278334701270766	0.012756482608326493	0.00713821073783715	NASW	Westerlies	N. Atlantic Subtropical Gyral Province (West) (STGW)	9.400365e-4
S0623	timeseries	BATS	191	2004-08-17	31.667	-64.167	180	north atlantic	mixed.layer	0	0	0.005944567931147092	0.019546598965520873	0.0032193158953722333	0.1379670694323006	0.1829711251804018	0.0807399370042243	0.5052819535011114	0.06834574666578061	0.43470329345000197	0.1513752765042771	0.14319012444516718	0.08295649527049989	0.059712414703251754	0.010895467310470782	0.2276292263280883	0.29837753330777084	0.05099269928510006	0.13315463304114275	0.14321378429969972	0.005602508994772335	0.0017239856842220047	0.0072592301980183354	0.0476155482292255	0.2429751160485248	0.8460087032883673	0.13415247623824872	0.006969859314765617	0.004446321837930143	NASW	Westerlies	N. Atlantic Subtropical Gyral Province (West) (STGW)	9.815722e-4
S0597	timeseries	BATS	192	2004-09-14	31.667	-64.167	1	north atlantic	surface	0	0	0.009315220404768506	0.7699046725384402	9.767332750421189e-4	0.002891812927853959	0.0012006568424644387	9.255507453455887e-4	0.002089953295941652	0.08639094375441249	0.21326530612244898	0.17244897959183675	0.3438775510204082	0.11530612244897959	0.08469387755102041	0.007142857142857143	0.3882750230026495	0.2047984081058011	0.0014674581795204363	0.10981732755403313	0.0017307415167337346	0.018992428525502456	5.78761441277654e-4	0.022810498815686885	0.2026311705300032	0.39886892733808815	0.9758403454237543	0.004752229645777048	0.013949748773344772	9.569310994869346e-4	NASW	Westerlies	N. Atlantic Subtropical Gyral Province (West) (STGW)	0.0010505923
S0598	timeseries	BATS	192	2004-09-14	31.667	-64.167	100	north atlantic	dcm	1	1	0.013071598662807458	0.1341809586276654	0.002143862530217302	0.6546554201866621	0.058129910738951504	0.017220921778831506	0.021857660438214473	0.17835335587066012	0.2660927019721694	0.18903293622985284	0.22950245269796776	0.10871959155070578	0.06855040544599059	0.011187306036640305	0.34509432558524533	0.25001588968175803	0.016326216890953427	0.16021430623185928	0.04328940554852906	0.003910586174055327	0.0010740932165100938	0.02808901572166993	0.07709772129646007	0.19802383893561426	0.8365941038114841	0.07744966103760359	0.028050024943003796	0.04510629778404852	NASW	Westerlies	N. Atlantic Subtropical Gyral Province (West) (STGW)	9.434901e-4
S0599	timeseries	BATS	192	2004-09-14	31.667	-64.167	180	north atlantic	mixed.layer	0	0	0.023423337467798875	0.08417612823203893	0.005605381165919282	0.3382549375059632	0.07265528098463887	0.18175746589065928	0.24293960499952294	0.004556770288518643	0.40795287187039764	0.15041728031418752	0.15316642120765833	0.09111438389788905	0.06990672557682867	0.010996563573883162	0.20380245004531253	0.2539136717091379	0.09267141127933431	0.10097025850322891	0.19203513463841868	0.00575690936860317	0.002100219908360954	0.003757454386442998	0.05471408744367621	0.1715071210133151	0.8072117922137095	0.1719479725611214	0.008459980331238636	0.0028349928307277875	NASW	Westerlies	N. Atlantic Subtropical Gyral Province (West) (STGW)	9.785868e-4
S0600	timeseries	BATS	193	2004-10-13	31.667	-64.167	1	north atlantic	surface	0	0	0.022738746887270483	0.7575690346876462	0.0015302327631936355	0.0018416834835834183	0.0011263423312726389	9.400407588020382e-4	0.0016568040605209901	0.11561957078293195	0.2351931330472103	0.13648068669527896	0.3296137339055794	0.12446351931330472	0.07124463519313305	0.018025751072961373	0.3358224139692696	0.23038213957290282	0.0020078534861515803	0.13942316161833254	0.0025513260024733727	0.025974815289810903	6.443276267251068e-4	0.040087043685677344	0.1719729373588469	0.3733482765776156	0.9708631400741703	0.00979910478654082	0.011755308321157417	0.002676070650238306	NASW	Westerlies	N. Atlantic Subtropical Gyral Province (West) (STGW)	0.0010490916
S0601	timeseries	BATS	193	2004-10-13	31.667	-64.167	100	north atlantic	dcm	1	1	0.005254537470891217	0.0286408977978352	0.002044246479008377	0.343957169029045	0.21401827066455506	0.11175797295634614	0.23163197693647483	0.1380522238553475	0.39389287680979324	0.16287773570561834	0.16473443370710955	0.08580283913977865	0.060481571906843466	0.01072596404535996	0.28731989283804243	0.29250482702693265	0.03347403773899529	0.13978442902123678	0.0896357255932727	0.004875662413467147	0.0014284222899437146	0.014642664611505837	0.05275684789351359	0.21867929097430258	0.8429156334967706	0.09238011489223243	0.032681750635485195	0.021520710771022123	NASW	Westerlies	N. Atlantic Subtropical Gyral Province (West) (STGW)	9.4319653e-4
S0602	timeseries	BATS	193	2004-10-13	31.667	-64.167	180	north atlantic	mixed.layer	0	0	0.03250780108227673	0.09744440494529368	0.008531816565943833	0.0866611367855591	0.12066990559702967	0.1990362207212545	0.38717067583046966	0.003330309127983081	0.40634564374617427	0.15782493368700265	0.15792695368292184	0.08732911650683534	0.0697816772087329	0.011018159559273618	0.163641950413858	0.2305113123514921	0.12532102147243013	0.09416338879955864	0.22247071742952368	0.006224892236299738	0.002303672782442155	0.0033206408732133225	0.05483771284312852	0.1506922457349036	0.8274220576514303	0.1530140040834007	0.008152726184974816	0.0017448046875051385	NASW	Westerlies	N. Atlantic Subtropical Gyral Province (West) (STGW)	9.7631244e-4
S0603	timeseries	BATS	194	2004-11-12	31.667	-64.167	1	north atlantic	surface	0	0	0.03105558373495134	0.7270922461968907	0.002383829003154285	0.018652870428837825	0.0013420129158576387	0.0015305601850277202	0.002128735638982998	0.15598156979661038	0.20805835359499827	0.14102118791246962	0.39631816602987147	0.11184439041333796	0.06078499478985759	0.012156998957971519	0.3042924116085591	0.2866082661899663	0.0034050023858445615	0.1437957498385357	0.005759608393487074	0.0123439146125365	6.931054168433597e-4	0.05730986068385881	0.12698003622110335	0.29536050192894336	0.949396866404092	0.024202386238473914	0.013213117968294975	0.0065652121261050335	NASW	Westerlies	N. Atlantic Subtropical Gyral Province (West) (STGW)	0.0010408376
S0604	timeseries	BATS	194	2004-11-12	31.667	-64.167	80	north atlantic	dcm	1	1	0.019005361729189197	0.17945894131571802	0.0028371958096596096	0.3621639957594743	0.10536192833723995	0.031805934213434923	0.07075929174989395	0.13986096506319204	0.3223007139305583	0.18774215942885555	0.1864568967943486	0.10988526451080277	0.05639207077387821	0.012111489497434165	0.2879763953382228	0.3265412529492872	0.01756716840923251	0.14341219226063986	0.04151145413661573	0.0054276052884073035	0.0011524094366029314	0.02146447282350676	0.0797458560496712	0.23291239346909398	0.8649722797284292	0.07591419704612964	0.03359884086798236	0.01553995249014513	NASW	Westerlies	N. Atlantic Subtropical Gyral Province (West) (STGW)	9.843272e-4
S0605	timeseries	BATS	194	2004-11-12	31.667	-64.167	180	north atlantic	mixed.layer	0	0	0.0092845679611875	0.09329892377635637	0.0036398281372127333	0.09152757158251587	0.1815797871602403	0.117646922795869	0.4193757255375337	0.044966067847667435	0.42627127055372366	0.1529108814804195	0.14617267884910176	0.08427715958842925	0.061415794523418284	0.010774507317180762	0.19820644525102646	0.26067644531082246	0.07307401063390859	0.12679150265793354	0.1816038056368087	0.0061171339001634606	0.0019868590069401447	0.007449498175405675	0.05540863248109494	0.19128521048956612	0.8316974602747119	0.13963461521464368	0.014912885899270926	0.004404394932507433	NASW	Westerlies	N. Atlantic Subtropical Gyral Province (West) (STGW)	9.7460125e-4
S0579	timeseries	BATS	195	2004-12-08	31.667	-64.167	1	north atlantic	surface	0	0	0.019150333394065626	0.7334145136195441	0.002006131776838976	0.02705820207075268	0.0013376396460399705	0.0016705749425555538	0.0023731470643364692	0.12618877114766527	0.18668876001104667	0.13725490196078433	0.407898370615852	0.11405689036177852	0.07180336923501796	0.012979839823253245	0.2971588864799732	0.2883067602116685	0.0038628421392404963	0.15033572518305013	0.006382466313145586	0.013119969376428045	7.116596659482217e-4	0.05885414862953964	0.12377035810598072	0.3128380295615553	0.9559252084693957	0.018577385607823228	0.014885809409735681	0.0046258624697858	NASW	Westerlies	N. Atlantic Subtropical Gyral Province (West) (STGW)	0.0010275204
S0580	timeseries	BATS	195	2004-12-08	31.667	-64.167	100	north atlantic	dcm	1	1	0.03187758106704118	0.6141835344237988	0.0021661384887673007	0.13156380684873575	0.004657537107325401	0.0023775836774756055	0.0050924354831131	0.19302817375488418	0.2376460939101907	0.18064383842526144	0.28859954890301415	0.11513225343448842	0.053003895837605085	0.012200123026450687	0.30229174399992437	0.285208994852856	0.00533487172333569	0.1503552404167839	0.010515589202582793	0.0077469600641206	8.185306641636305e-4	0.04907542918480304	0.12029421708795067	0.2131206834486698	0.9214037456166836	0.04379869819684905	0.01950850420826593	0.006963421403443284	NASW	Westerlies	N. Atlantic Subtropical Gyral Province (West) (STGW)	9.891914e-4
S0581	timeseries	BATS	195	2004-12-08	31.667	-64.167	180	north atlantic	mixed.layer	0	0	0.023701899430873363	0.06279129681242242	0.004941799189638617	0.0646415439023819	0.11368480221092817	0.17453216853643114	0.48607630512682387	0.005629908385592751	0.40266936494169797	0.15886094246892166	0.15274164016575117	0.08764575503517394	0.06495133468247084	0.011997687192830299	0.1427738599927383	0.24171938204114612	0.11951858121065524	0.08771420681472997	0.21848072330437185	0.006881977222867137	0.002420134289966095	0.003625726807366004	0.07687282341329706	0.10313714734782356	0.8362011403013729	0.14425432096160845	0.009098808538019715	0.0010544623125649398	NASW	Westerlies	N. Atlantic Subtropical Gyral Province (West) (STGW)	9.7332627e-4
S0629	timeseries	BATS	248	2009-07-14	31.667	-64.167	10	north atlantic	surface	0	0	0.012238022398426298	0.7856795690203003	0.0012674558593887217	0.0018757963512344043	9.893117289962862e-4	0.0011643094137896899	0.0013568707348306068	0.09947259167925321	0.25182395857848905	0.159331607437044	0.2428806778065427	0.14544598729112732	0.09625794304542246	0.021887502941868676	0.3307733177278642	0.2625078348181629	0.0017157289268416634	0.12413601398332165	0.0022535016054639674	0.009117418321539398	4.8133118758133197e-4	0.04382593228561089	0.1798611677921598	0.4125348800656859	0.9837575568446121	0.005344094285990555	0.004209146089741497	0.002578974338970263	NASW	Westerlies	N. Atlantic Subtropical Gyral Province (West) (STGW)	0.0010485409
S0630	timeseries	BATS	252	2009-11-07	31.667	-64.167	100	north atlantic	dcm	1	1	0.00938171421723462	0.059933664045458586	0.011684715152503099	0.23261630657155435	0.18606520678439958	0.04841251852951827	0.18439638710215267	0.1499125231454844	0.3424938441044686	0.17677108141928713	0.18432365882210472	0.10462196746457837	0.053535098696161146	0.011485286400516692	0.2550146152430391	0.33487152063741876	0.026725243575307266	0.14701050529467433	0.07635562357162629	0.005681322487475236	0.0013794992413406315	0.01144727860841438	0.06115272747825104	0.19249594627109246	0.8393993018868583	0.09087223692607045	0.011005024880306026	0.04430467303407225	NASW	Westerlies	N. Atlantic Subtropical Gyral Province (West) (STGW)	9.4576715e-4
S0528	timeseries	HOT	144	2003-01-17	22.75	-158	5	north pacific	surface	0	0	0.031298938279047644	0.7086837056702375	0.007332164377472957	0.018241267348276562	0.0019300624958797001	0.002528361138533708	0.003038345428529848	0.22377621404380404	0.21138100436681223	0.15938864628820962	0.3333788209606987	0.09852620087336245	0.07560043668122271	0.011599344978165938	0.3386804697336844	0.2876853024885486	0.00454212994309727	0.15786714677334554	0.00978695912820284	0.00542137703442295	6.708818274060465e-4	0.039517228935998495	0.09056245040654508	0.23911926862230937	0.9165950231891056	0.03953634407277258	0.019508798833465426	0.015121026292120195	NPTG	Trades	N. Pacific Tropical Gyre Province	2.1270174e-5
S0529	timeseries	HOT	144	2003-01-17	22.75	-158	125	north pacific	dcm	1	1	0.008575070918124351	0.07596571291551311	0.004095047335579395	0.3244447817569656	0.151742237503946	0.07910491922648373	0.24533106307340838	0.09997012377247136	0.28860932021771685	0.20339218622501593	0.1895472601572798	0.11665067565749948	0.05441576026039939	0.012818213609992737	0.23950808308298097	0.3224773779200571	0.02865298274477933	0.15232132477558652	0.09122873705217144	0.005062238776993894	0.0014820005725116295	0.012019829190980436	0.07106373476970398	0.18860938311473033	0.8432547076500626	0.10820384493963012	0.02432311981268914	0.01465760490739854	NPTG	Trades	N. Pacific Tropical Gyre Province	6.80081e-5
S0530	timeseries	HOT	144	2003-01-17	22.75	-158	175	north pacific	mixed.layer	0	0	0.028274958072896907	0.5848575786672806	0.006697871071214591	0.04466381135027511	0.02636240191935868	0.036602818861832864	0.06942238711078436	0.030393125594108072	0.36538026682746666	0.1694052913243386	0.17498304062711992	0.09708298786462652	0.06048842993894626	0.012474560940679882	0.18083681662919363	0.2722966136028063	0.07328553681797323	0.11675601312548121	0.192311532413372	0.0060544066172701074	0.0020294958517258397	0.008125663618262774	0.059512517784489426	0.16566050981052635	0.8219500755989348	0.15513120912015627	0.009520758257237404	0.0037287363582767675	NPTG	Trades	N. Pacific Tropical Gyre Province	1.6777925e-4
S0531	timeseries	HOT	145	2003-02-25	22.75	-158	5	north pacific	surface	0	0	0.03156611660583095	0.7370404474681965	0.0053641420397960516	0.00590514928487675	0.001086430875835525	0.0012105313132785259	0.0015068707920125248	0.29765481456378284	0.24062133645955452	0.12485345838218054	0.343200468933177	0.09994138335287221	0.09320046893317702	0.008499413833528723	0.3631827613047315	0.28816992644501593	0.0038989583062243745	0.16172159828900082	0.006264357890303943	0.0048429415369182615	6.969861146927796e-4	0.0351668058588473	0.07613615124551372	0.2778168128609038	0.940774540473086	0.026638344066484056	0.01391315527288459	0.011565879688717815	NPTG	Trades	N. Pacific Tropical Gyre Province	2.1933645e-5
S0532	timeseries	HOT	145	2003-02-25	22.75	-158	115	north pacific	dcm	1	1	0.016480895257543288	0.22820707762456743	0.006087559883141507	0.4334706904036091	0.07082702823852376	0.024159804916826462	0.0959116617764034	0.13673994194277767	0.29434584720652474	0.20722220525195753	0.19176568816120393	0.11339870279296617	0.05383307368828339	0.012396778364948936	0.2853241187629948	0.2940036121044324	0.016783968575494725	0.16899340369216517	0.04991009903164005	0.00533682405249199	0.0010961491860715753	0.02150996140216057	0.08296828497335103	0.19948870757914094	0.8590569987957493	0.07835915568378818	0.042389210405217405	0.010769350337598823	NPTG	Trades	N. Pacific Tropical Gyre Province	5.7327343e-5
S0533	timeseries	HOT	145	2003-02-25	22.75	-158	175	north pacific	mixed.layer	0	0	0.010995522506394928	0.06619012447682594	0.005675108390397383	0.19923386036729634	0.14068426784842453	0.12859962527593127	0.3643920331493096	0.017997315306403385	0.37773120791534975	0.17934359397187485	0.15805505931931657	0.09733864687829234	0.05683431817140763	0.011692089230910174	0.16599098568399626	0.2765662095020299	0.07297189258057221	0.1165176613376954	0.21131845222962323	0.005854386097631252	0.002241797472634817	0.004831253376854712	0.05409912440508449	0.18167125105309712	0.8236093673186243	0.14903939668443195	0.01366288845934726	0.00419406396431944	NPTG	Trades	N. Pacific Tropical Gyre Province	1.637193e-4
S0534	timeseries	HOT	146	2003-03-28	22.75	-158	5	north pacific	surface	0	0	0.030087792285372932	0.7327860983102918	0.0034652884451271547	0.0025313620071684586	0.0012992831541218637	0.001101937190646868	0.0018859873698583375	0.2569934095818758	0.22115384615384615	0.1529977375565611	0.34841628959276016	0.09530542986425339	0.07183257918552036	0.012443438914027148	0.345905185411532	0.2859117993542862	0.002850629430235971	0.13033588375543287	0.004348818134667112	0.004420184386270339	5.950538161846597e-4	0.04025508911735024	0.12629112605893444	0.2727369425284836	0.9433106159463994	0.029745292950116787	0.01163123814327854	0.008088888401522047	NPTG	Trades	N. Pacific Tropical Gyre Province	2.105235e-5
S0535	timeseries	HOT	146	2003-03-28	22.75	-158	125	north pacific	dcm	1	1	0.02930154053010256	0.7088548297120625	0.0035470422784293276	0.017670193661811575	0.0060716807473398	0.005114944845459357	0.008955867265003166	0.24429684496381432	0.30193473447312064	0.18073251297687756	0.21387346183164543	0.1116192965261897	0.05713456023812116	0.0119786562125667	0.34027706841469385	0.28919969754714964	0.004353923844344801	0.13169672996337925	0.008991103706338946	0.004445798594110858	6.481132507458586e-4	0.0382844724041127	0.12232286372127373	0.27056264490334536	0.9348854707148418	0.03483962262727411	0.01515313840999976	0.007760104507908179	NPTG	Trades	N. Pacific Tropical Gyre Province	6.453919e-5
S0536	timeseries	HOT	146	2003-03-28	22.75	-158	175	north pacific	mixed.layer	0	0	0.0103928384123548	0.10689657096309851	0.005395181717754444	0.3658694778892398	0.12301516453351484	0.10308033074081926	0.18991095439481348	0.05994591008230547	0.3259324000763841	0.19254667508850273	0.17698341583794822	0.10917784273690086	0.05474683079454148	0.01199377175844999	0.24615507449447202	0.2958024091269218	0.03865895034783974	0.14231071928994893	0.10509901741523792	0.005305115424536455	0.0015069107320997868	0.013177901450231587	0.07036198320858364	0.19059802010332186	0.842919333780111	0.1116273255675407	0.03231347904193369	0.0038908117793776857	NPTG	Trades	N. Pacific Tropical Gyre Province	1.5861522e-4
S0537	timeseries	HOT	147	2003-04-23	22.75	-158	5	north pacific	surface	0	0	0.02654262671202595	0.7533104985642949	0.004386695644484985	0.0019210990473619793	0.0010331491969824598	0.001036872257151766	0.0014059205964342392	0.2502622852452204	0.22608407811982786	0.145316120489904	0.356835484938762	0.09599470374048329	0.07613373055279708	0.011916583912611719	0.3498746893231144	0.30027107316548984	0.00286602676760849	0.14136153603505233	0.003945466457295577	0.005755278473948205	6.600042290186944e-4	0.026371051327114595	0.11486292086535428	0.33598949554580954	0.9388819474143706	0.03321355795758526	0.011598202297861002	0.009761157372078874	NPTG	Trades	N. Pacific Tropical Gyre Province	2.0624457e-5
S0538	timeseries	HOT	147	2003-04-23	22.75	-158	125	north pacific	dcm	1	1	0.01119148827003654	0.048888940080826254	0.004804654184792539	0.816441477406293	0.027227944375538934	0.00905905321558955	0.017244818517892193	0.16610166691016356	0.25259578602222355	0.20608415811524683	0.21106320966664643	0.12699617463112514	0.05938429777157083	0.011536826765438097	0.285381519249311	0.35616666546702297	0.022964950182225875	0.11683466819398444	0.05976898975949886	0.004168590380982837	0.0012147249062821226	0.018566370971639396	0.06108105718084423	0.2537179366768935	0.8752763689743215	0.06218475848586674	0.036432527010762564	0.016999822595120322	NPTG	Trades	N. Pacific Tropical Gyre Province	6.377031e-5
S0539	timeseries	HOT	147	2003-04-23	22.75	-158	175	north pacific	mixed.layer	0	0	0.010173492400356848	0.03704791404617968	0.0033883935745197234	0.29150158753026834	0.14592256841895285	0.10030254503543545	0.34529753032376753	0.03125569908321073	0.397597708435301	0.17079217851096437	0.15249015092553217	0.09440668854458362	0.054729561666038144	0.01109675762851939	0.19872778254649498	0.27162826895565095	0.08030168812589414	0.10691753934191703	0.17757390557939914	0.005652875536480687	0.0020019456366237483	0.0070175679542203145	0.05921785407725322	0.1891576051424024	0.8083306849464535	0.1597857967372451	0.019906112881032154	0.0017720089609288606	NPTG	Trades	N. Pacific Tropical Gyre Province	1.517394e-4
S0540	timeseries	HOT	148	2003-05-20	22.75	-158	5	north pacific	surface	0	0	0.024270507138759036	0.7545144733707188	0.0036468042160038793	0.0016646698290941047	9.570531336889226e-4	8.393241049099218e-4	0.0012738964301390041	0.3058233658138242	0.22457937088514995	0.14191660570592537	0.3550353572299439	0.10826627651792246	0.07120214581809314	0.01341136308217508	0.35913747723889894	0.29745230204202555	0.002604876331507922	0.11255658944005524	0.003471409494022278	0.005195052883399463	5.872373498031171e-4	0.030055395554108192	0.132891661493475	0.252039609656521	0.9488734362834303	0.023774419741977505	0.011128649875305466	0.009877524622562965	NPTG	Trades	N. Pacific Tropical Gyre Province	2.022514e-5
S0541	timeseries	HOT	148	2003-05-20	22.75	-158	115	north pacific	dcm	1	1	0.022935808662446617	0.3193594307728224	0.005669397672186584	0.3668888310704216	0.02637635682343943	0.0051203405804677166	0.014451952984677495	0.26368057736172473	0.24296320469935548	0.20102798400913763	0.21758994860079955	0.13165266106442577	0.06140708710668733	0.01332571863696935	0.3203071100038329	0.330367957071675	0.014452855500191644	0.13102673438098889	0.03581305097738597	0.004248754311996934	0.00112926408585665	0.02020458029896512	0.0692286316596397	0.21630338020666548	0.899843513748509	0.057096029705443134	0.018743114864017592	0.015269534614033397	NPTG	Trades	N. Pacific Tropical Gyre Province	5.757239e-5
S0542	timeseries	HOT	148	2003-05-20	22.75	-158	175	north pacific	mixed.layer	0	0	0.007137908174200848	0.028860676207138905	0.005816996396153904	0.27046790184379343	0.14577382999616187	0.11554239628350256	0.3554797900497959	0.03873874273982871	0.3950586123731	0.1686998709966908	0.1548460373548713	0.09306466991979359	0.05629872679342644	0.012675977340288294	0.216028305975018	0.2954231371820697	0.053937549704511145	0.12618255068074347	0.14705106409322305	0.005459281588258544	0.0017476939487882815	0.00723269092484916	0.05776723764351806	0.20274219607014718	0.8337361639416626	0.1354740866024339	0.018085378977127576	0.003220649540460291	NPTG	Trades	N. Pacific Tropical Gyre Province	1.4232229e-4
S0543	timeseries	HOT	149	2003-06-19	22.75	-158	5	north pacific	surface	0	0	0.021125409964684438	0.2955445822670539	0.01469770613498953	0.164078860448312	0.08834508904442633	0.0697923103895173	0.2140669465307253	0.05904255087958249	0.393712330998534	0.1703589075310854	0.15492027293623645	0.09402544750321261	0.05761886662684838	0.012244122278329803	0.22620318247764207	0.2977091791326823	0.049116489499065115	0.13169088936251805	0.13304749333058466	0.005298402997828769	0.0016830090894682534	0.010104150387973219	0.05834394565604104	0.20639678056406469	0.8387022243654221	0.1282008551397946	0.01754784283197631	0.005981083160297649	NPTG	Trades	N. Pacific Tropical Gyre Province	1.7935665e-5
S0544	timeseries	HOT	149	2003-06-19	22.75	-158	100	north pacific	dcm	1	1	0.0382779441829506	0.5987329434697856	0.02136906554250728	0.07946348859200093	0.005664907526268245	0.0030140467096678764	0.003912106372525714	0.2822509639999815	0.24333265815947608	0.16575518195935454	0.28350550266693675	0.11687259469313348	0.06805752481263926	0.011883059887921139	0.3207618360719255	0.3130732488870447	0.009451448183601956	0.16755720544480907	0.020595727246428792	0.004484872839701711	9.742040455156507e-4	0.032674613885336476	0.06062546714016626	0.2278193523452922	0.8913623722935796	0.051106797674143625	0.015828222889648563	0.0310087344116495	NPTG	Trades	N. Pacific Tropical Gyre Province	4.50675e-5
S0545	timeseries	HOT	149	2003-06-19	22.75	-158	175	north pacific	mixed.layer	0	0	0.010106259644521911	0.05984200973846855	0.016850428956352793	0.4074285805662384	0.10017110281360188	0.08130182056591856	0.2601962085535416	0.020993607214881287	0.3671757367175737	0.17848692499154964	0.1651353593706788	0.09808560980856099	0.05945979166026488	0.011953415481055834	0.25131742236780996	0.32019879589794414	0.036335436704196984	0.11922122720588472	0.0963973472428251	0.0050417617259439695	0.001539182656468375	0.009318222528271084	0.07828701305248345	0.1564920159215775	0.8603629949800888	0.11326696573127777	0.011842653106116742	0.00600286139890296	NPTG	Trades	N. Pacific Tropical Gyre Province	1.3783244e-4
S0546	timeseries	HOT	150	2003-07-19	22.75	-158	5	north pacific	surface	0	0	0.02039510872507606	0.7451768618689777	0.0021825327078415944	0.0014884637007041015	8.100465269992844e-4	5.424258340438667e-4	0.0012003160130828801	0.2562433942967488	0.20713980333475845	0.14621633176571183	0.38435228730226595	0.09705002137665669	0.07075673364685763	0.013681060282171868	0.33729093431296625	0.2890746836627829	0.001878023032674248	0.11647095583595773	0.002394211609842461	0.007581243239140365	5.026843203004837e-4	0.03308496366190743	0.15528009458567776	0.28238743224171636	0.9606087553120949	0.020001518798085	0.009402543625173782	0.004272556534957505	NPTG	Trades	N. Pacific Tropical Gyre Province	1.8048306e-5
S0547	timeseries	HOT	150	2003-07-19	22.75	-158	125	north pacific	dcm	1	1	0.014889232948379882	0.05918953774009051	0.007538845781208571	0.5830899493918451	0.11776658498455993	0.027915933423987273	0.09672337633631442	0.17180264937330658	0.34987252300804245	0.1787217063261753	0.17563323936655337	0.10507006052566122	0.05756674405107371	0.011462565293093441	0.26821255165156865	0.3545864169713995	0.024994536013148987	0.10936082305117414	0.0635076046114651	0.004485362340385177	0.0013094927975566076	0.0186502531142395	0.07626793620673024	0.18478265830300436	0.8490970628872029	0.08503922565656313	0.03146482779762394	0.023134978366795303	NPTG	Trades	N. Pacific Tropical Gyre Province	6.4219064e-5
S0548	timeseries	HOT	150	2003-07-19	22.75	-158	175	north pacific	mixed.layer	0	0	0.013855727711455422	0.05189230378460757	0.005511811023622047	0.18624587249174498	0.14859029718059436	0.10130810261620524	0.4252730505461011	0.012976854920607819	0.3984351669354357	0.16962312608254196	0.14883832049214596	0.09341217225109001	0.058740966374007046	0.010840351191542735	0.17288999295097407	0.2598994913270475	0.09742565596943158	0.10209739583635326	0.20492040233288797	0.005721224691636178	0.0020318755130423545	0.00470404445110784	0.06299725245369883	0.19896399408938373	0.821472821943509	0.1614535659652397	0.005522662031871578	0.002167368796811194	NPTG	Trades	N. Pacific Tropical Gyre Province	1.4135397e-4
S0549	timeseries	HOT	151	2003-08-20	22.75	-158	5	north pacific	surface	0	0	0.02172206712596076	0.7461279625393507	0.006286861040285997	0.001795045472804557	9.378608369147404e-4	9.160110324704902e-4	0.001415195026312207	0.2438899015026195	0.23159144893111638	0.13123515439429928	0.3693586698337292	0.10985748218527316	0.07660332541567696	0.011282660332541567	0.3688068099427001	0.26838269603782283	0.0025886166909065327	0.15228761641955404	0.0037357629671318903	0.007885733319358918	6.109020532339045e-4	0.034127242785828224	0.10348293135356082	0.2855130740582163	0.9379962709670993	0.031161015557859755	0.012212920932983783	0.011346557182774468	NPTG	Trades	N. Pacific Tropical Gyre Province	2.0792639e-5
S0550	timeseries	HOT	151	2003-08-20	22.75	-158	115	north pacific	dcm	1	1	0.012591213358946285	0.10031994335429137	0.007670773043461158	0.7267237931644889	0.014418758646010214	0.013220610121486688	0.02015053072570758	0.14057992086060236	0.23865300146412885	0.19798275581584512	0.21124125589718562	0.12876199772246624	0.07377582560598667	0.011143647307629737	0.25122222714872783	0.31557029877182213	0.018037622426905566	0.17764706980521375	0.051913441814986895	0.004701053157254837	0.001160969940796367	0.025870377414409094	0.07435458238919446	0.19747798182323845	0.8560601225317326	0.0638023086510242	0.035821948567456165	0.03273158112663847	NPTG	Trades	N. Pacific Tropical Gyre Province	5.974835e-5
S0551	timeseries	HOT	151	2003-08-20	22.75	-158	175	north pacific	mixed.layer	0	0	0.012572014208813842	0.09861095909493438	0.007498432851414414	0.7066785405120347	0.02001174117670471	0.01741574710699396	0.03361061083969314	0.1255292002370667	0.3201397317860209	0.18484857455815742	0.18401965718345717	0.10861778027768731	0.06255365759791587	0.011841676781432251	0.24049964084649328	0.3105374427887903	0.024316636360101902	0.17043188288855024	0.07290975527209942	0.004782764710793789	0.0014034712011151286	0.023285384587438743	0.07093329560150086	0.19596936618376917	0.8539226860233682	0.07303728305054155	0.03284523153037308	0.029085138552256785	NPTG	Trades	N. Pacific Tropical Gyre Province	1.4631207e-4
S0175	timeseries	HOT	152	2003-10-03	22.75	-158	5	north pacific	surface	0	0	0.02371711510515739	0.7310850352510883	0.01274628658184249	0.0018153229877547526	0.0010337605594853982	0.0012769366277710847	0.0014563288092933123	0.27937259755881466	0.19622532776257023	0.12721509868894973	0.39533208471401815	0.09494309177351967	0.0763578735052586	0.013686788647168996	0.3585506662710523	0.2510977231539004	0.002215013565446073	0.15196240619871748	0.0037844262180380707	0.009841263290615045	5.991138522664932e-4	0.046826226386767124	0.11573499244703855	0.24714122064894406	0.925189292303847	0.0353021874396065	0.008481950547336163	0.021513024244854524	NPTG	Trades	N. Pacific Tropical Gyre Province	2.1262582e-5
S0174	timeseries	HOT	152	2003-10-03	22.75	-158	600	north pacific	mesopelagic	0	0	0.0908695652173913	0.49092391304347827	0.022119565217391304	0.06097826086956522	0.035380434782608695	0.05157608695652174	0.06929347826086957	0.0017720725602076099	0.32862745098039214	0.11058823529411765	0.27137254901960783	0.08392156862745098	0.08705882352941176	0.01019607843137255	0.1136730553053073	0.14343244492988177	0.31733582607170474	0.044237469206177105	0.23329958303768605	0.0071373902783203515	0.0028970111057075205	0.004153678117849655	0.05791032519871483	0.09664036230408726	0.7480482643223431	0.23041960944676473	0.003477981324281381	4.170149013966821e-4	NPTG	Trades	N. Pacific Tropical Gyre Province	6.71248e-4
S0173	timeseries	HOT	152	2003-10-03	22.75	-158	1000	north pacific	mesopelagic	0	0	0.12008978675645342	0.3648989898989899	0.02441077441077441	0.09483726150392817	0.06439393939393939	0.08641975308641975	0.13047138047138046	0.001014746134803785	0.2978494623655914	0.12473118279569892	0.256989247311828	0.09462365591397849	0.110752688172043	0.007526881720430108	0.09007827119257933	0.11188689242573627	0.36702683487930676	0.042613868823651715	0.24940676204081907	0.007071906208709766	0.0029779271212700457	0.0028920769700262246	0.05487836777399948	0.1061276686734287	0.7539061248784062	0.22515050003438009	0.003944384281286262	3.2999179860762823e-4	NPTG	Trades	N. Pacific Tropical Gyre Province	6.71248e-4
S0558	timeseries	HOT	152	2003-10-14	22.75	-158	10	north pacific	surface	0	0	0.0212872514784272	0.7334081331468992	0.014196616883594203	0.0019192695143908864	0.0010856474020796932	0.0015226527923513555	0.0015711191942299133	0.23551449660878765	0.18611825192802056	0.12005141388174807	0.4185089974293059	0.08997429305912596	0.08688946015424165	0.012339331619537276	0.36905837924350243	0.24991312138138597	0.002199862269492693	0.15934853788864234	0.0036999132807916954	0.009868693728160788	6.029694952431964e-4	0.040910264748641824	0.10546067985308746	0.23868260225264049	0.9042072758752646	0.05202975732592327	0.012602508516436035	0.020833152999451057	NPTG	Trades	N. Pacific Tropical Gyre Province	2.1262582e-5
S0559	timeseries	HOT	152	2003-10-14	22.75	-158	100	north pacific	dcm	1	1	0.01294445428534543	0.10017503460160863	0.00834641839574633	0.5397130393272427	0.0735355488370557	0.02368671508389952	0.08114189811965401	0.12012274211083324	0.2689767450465284	0.20396647734630824	0.2055945090929273	0.12195437811037316	0.05587108948624498	0.0116552272769319	0.2419283097585134	0.3027241632809395	0.017823717044502148	0.20930074523750197	0.05243329619844445	0.004728005815282414	0.0013426218604373405	0.012561339491821744	0.08076838331442268	0.17513561625581023	0.8296030861162097	0.0771720194582707	0.03812654728216602	0.04223141507761723	NPTG	Trades	N. Pacific Tropical Gyre Province	4.8213646e-5
S0560	timeseries	HOT	152	2003-10-14	22.75	-158	175	north pacific	mixed.layer	0	0	0.016339589713757763	0.07692439303984806	0.007391311786746967	0.07387889883141992	0.12009170701661334	0.21960066384929935	0.40429791092784917	0.0085395221187167	0.3964875158696572	0.17553956834532375	0.15488785442234448	0.09043588658484977	0.05429538721963605	0.011680067710537452	0.15582814201626582	0.268061407289152	0.0668026398442771	0.11969258687677883	0.22547358881666776	0.0063303970955952	0.0020728339107207944	0.003994996837017202	0.05660022002395226	0.13188051243853638	0.837272770573561	0.1404619672971383	0.010681598423445866	0.002571192879791546	NPTG	Trades	N. Pacific Tropical Gyre Province	1.5701662e-4
S0552	timeseries	HOT	153	2003-11-09	22.75	-158	5	north pacific	surface	0	0	0.01790400794426558	0.5392403815046702	0.010904334918611069	0.05298714419914641	0.04662930970352596	0.036863329913654555	0.11211673503140857	0.09096382688661259	0.42710993496022776	0.16148843094442686	0.14540979685679678	0.08688171711170947	0.0528804980981846	0.01123344109001412	0.21589839733380647	0.27124671054741195	0.05084921854791645	0.1236581919394249	0.15834393297747032	0.006271711455952867	0.0017392679939202578	0.018281981175032012	0.07139977297165566	0.1840369560267094	0.8528439267407153	0.1115598765027018	0.015598151285921362	0.010463498849864921	NPTG	Trades	N. Pacific Tropical Gyre Province	2.017439e-5
S0553	timeseries	HOT	153	2003-11-09	22.75	-158	100	north pacific	dcm	1	1	0.017556970272625226	0.16555565149814352	0.009603504172194268	0.6777229160615742	0.009469271769591258	0.00728465904184754	0.010517226491667387	0.14722888497329467	0.23204955963576654	0.1826391998805792	0.24294670846394983	0.12628750559785043	0.06859232721301686	0.011494252873563218	0.27596782718228235	0.2823643225850014	0.011483889143711306	0.2157124795980377	0.026615101992349118	0.005249212443508975	0.0010704481795978048	0.022275101107584988	0.08320915591173779	0.19855021310401913	0.8466737443227929	0.0703153116607274	0.04644902527361197	0.0248223015973729	NPTG	Trades	N. Pacific Tropical Gyre Province	4.9029364e-5
S0554	timeseries	HOT	153	2003-11-09	22.75	-158	175	north pacific	mixed.layer	0	0	0.03769054462109361	0.1823043620620657	0.010368537854258376	0.1675701240586459	0.10757812784225271	0.10568632444428275	0.2862807872812602	0.0050684677395264515	0.38200533739992376	0.1602490786631084	0.17397382132418351	0.09098996060490533	0.06443004193671369	0.0111831236497649	0.1420681641971517	0.23873791641520498	0.13528138295701778	0.07990253666687427	0.23414395278462063	0.006054410226562517	0.0023291975490269774	0.00404844387267483	0.06795586874021448	0.17171276113571146	0.7901443776647394	0.1882812128328654	0.00805677450951829	0.0020312962716419903	NPTG	Trades	N. Pacific Tropical Gyre Province	1.6741584e-4
S0555	timeseries	HOT	154	2003-12-20	22.75	-158	5	north pacific	surface	0	0	0.028174969400005474	0.7216407462879176	0.008875953683535442	0.007983861191385857	0.0012244885988135414	0.0015793703244577056	0.0014952936621838815	0.28096029752990026	0.2167374959136973	0.13860738803530565	0.3223275580254985	0.10853220006538085	0.09643674403399805	0.012749264465511605	0.3491376764350234	0.2628796870559521	0.002986230684787999	0.1402960040566821	0.0053778899680703455	0.005221863733373454	5.73953649063564e-4	0.06858746106309589	0.104742640298233	0.24646336463962062	0.9338162151323565	0.03254988645548142	0.007668563996602248	0.017539761182263844	NPTG	Trades	N. Pacific Tropical Gyre Province	2.0702737e-5
S0556	timeseries	HOT	154	2003-12-20	22.75	-158	85	north pacific	dcm	1	1	0.015008356525293096	0.2069301965808425	0.007979971545150278	0.47039044728278445	0.06288880411105183	0.025567937654076334	0.07371426062836865	0.14742830743757265	0.2887567313660689	0.20549749198946468	0.18106326225905484	0.12284218826016205	0.05710547065040514	0.012682648593333222	0.27815595566248164	0.2646493030866783	0.01278100558115071	0.18133565313099634	0.03696477446501797	0.0054070441329735945	0.0010020259674481575	0.03716079655585534	0.100748658283577	0.14974123686163926	0.8378285792316202	0.08583189662127073	0.03903101447565836	0.0246238151056634	NPTG	Trades	N. Pacific Tropical Gyre Province	4.3348184e-5
S0557	timeseries	HOT	154	2003-12-20	22.75	-158	175	north pacific	mixed.layer	0	0	0.051023876285155915	0.17703288299770584	0.013934913756478885	0.1401563429348288	0.09040700144447276	0.19687314130342426	0.23680856487382104	0.002284004477572547	0.34983853606027987	0.16433440975959812	0.18909221385001795	0.09562253318980983	0.062432723358449946	0.01632579834947973	0.1442870154697918	0.24412930052061663	0.11863295598995086	0.08539842685415157	0.23834904048398328	0.006327186310971555	0.0024844036644775316	0.0034509975506282144	0.06093116164280924	0.13572505934646692	0.8159164973086436	0.1652080076199466	0.007181058346620629	0.0016477474736026605	NPTG	Trades	N. Pacific Tropical Gyre Province	1.7074058e-4
S0561	timeseries	HOT	155	2004-01-21	22.75	-158	5	north pacific	surface	0	0	0.028195354807732033	0.7118669155050216	0.0074339211526806784	0.008052004917344308	0.001201684961403922	0.0013893872415149298	0.001728682697590807	0.29214773203757566	0.19853217914941665	0.12834023334587882	0.3944298080541965	0.08825743319533308	0.08487015430937148	0.011479111780203237	0.35728935268454604	0.2613440886796088	0.0034808826362475514	0.14081826101633077	0.0059503615139772335	0.0043350137496355875	6.359099906062626e-4	0.06661285015539731	0.09375964307207604	0.22298180634875137	0.9239864126395677	0.035782577143111303	0.017002162679578624	0.01442996533402166	NPTG	Trades	N. Pacific Tropical Gyre Province	2.1270174e-5
S0562	timeseries	HOT	155	2004-01-21	22.75	-158	100	north pacific	dcm	1	1	0.02665835446977201	0.4936112698745238	0.011123326288983763	0.19749891690582877	0.022038169662379717	0.01428616466692566	0.03050206754032873	0.11307837012514022	0.289922480620155	0.1986496624156039	0.18344586146536634	0.12654830374260231	0.05833124947903642	0.012386429940818539	0.3257915035922377	0.24136433654975706	0.005357151019549944	0.17017252515691536	0.011778629693088972	0.005163764759327283	7.542064148683796e-4	0.0479393990750511	0.11166544598915139	0.1635321813598145	0.8666636536783872	0.07033982137809484	0.04083605364775131	0.01114420414904586	NPTG	Trades	N. Pacific Tropical Gyre Province	4.362593e-5
S0563	timeseries	HOT	155	2004-01-21	22.75	-158	175	north pacific	mixed.layer	0	0	0.0099046271479299609	0.06118284104978164	0.00955089046407532	0.1456714874627556	0.12504591774261575	0.1937660712099155	0.3602944177630236	0.015413247663404414	0.37621780832263424	0.17543992145608336	0.15735216373385696	0.0996148327165622	0.05939883694585001	0.01261234045766936	0.1603848242687563	0.27050284049275436	0.07023215317109335	0.13000577581227749	0.20211722312738684	0.005999948276307963	0.0019775691588865612	0.0071568348548719405	0.05515124869613193	0.12162774262952719	0.8217558700607505	0.14859657474065205	0.014686633016614626	0.00536541482042238	NPTG	Trades	N. Pacific Tropical Gyre Province	1.6777925e-4
S0501	timeseries	HOT	156	2004-02-24	22.75	-158	5	north pacific	surface	0	0	0.02606597251369807	0.7466973843346112	0.0035262100263545983	0.0019043088680166273	0.001084549241022803	0.001255548404681439	0.0012949300302513066	0.26983673333558916	0.2388955582232893	0.13885554221688676	0.33013205282112845	0.09283713485394157	0.09563825530212085	0.01600640256102441	0.35399848545387225	0.2845197278000799	0.0027095523093690578	0.13766157424936876	0.004311958847857148	0.00543950078551391	6.364649991318555e-4	0.04361328031027276	0.10928318456334422	0.2673604537450268	0.9398278041873874	0.03456989778040895	0.006478596191367334	0.011874396835060204	NPTG	Trades	N. Pacific Tropical Gyre Province	2.1933645e-5
S0502	timeseries	HOT	156	2004-02-24	22.75	-158	100	north pacific	dcm	1	1	0.03375985541537252	0.5432742329538885	0.008865056916709697	0.15619629135806276	0.022057633467179445	0.0059691254788017045	0.0274718499279389	0.1949970675522496	0.2993056529667555	0.2039556740075747	0.1850890728012344	0.11828447187543835	0.0580726609622668	0.01248421938560808	0.2984347968956886	0.2805606832320147	0.010560328858563112	0.19265593237265913	0.028014832139739116	0.005157744509627683	9.0204151323907e-4	0.04562074953206596	0.07122825838334831	0.23324850963650046	0.9018475360112473	0.06721880343357509	0.008786259688255067	0.013031076431874223	NPTG	Trades	N. Pacific Tropical Gyre Province	3.999179e-5
S0503	timeseries	HOT	156	2004-02-24	22.75	-158	175	north pacific	mixed.layer	0	0	0.02181772533266382	0.10559879487823248	0.010469495355259855	0.121641978408235	0.13379362289731359	0.11985940246045694	0.39181521466231484	0.007475485549959629	0.37165192874535435	0.16615404331667308	0.1708958093041138	0.09515570934256055	0.06862745098039216	0.01390490836857619	0.14855294320212273	0.25922847202980204	0.09995701190553566	0.09470265807816991	0.23078335254684504	0.006201916333993548	0.0022155402531622475	0.004085579375749013	0.0650842030725655	0.1645971289480905	0.8071510536061569	0.1751335658873118	0.0037595142116806763	0.004071070978261971	NPTG	Trades	N. Pacific Tropical Gyre Province	1.637193e-4
S0564	timeseries	HOT	157	2004-03-19	22.75	-158	10	north pacific	surface	0	0	0.03099998625872278	0.7265526051283117	0.004577185927189329	0.006246918686159618	0.0011090216177102943	0.0014495371703224609	0.0016881661796333493	0.26275180802465736	0.2038912050823903	0.12964065912249353	0.3738336311296407	0.10164780623386936	0.08457415128052412	0.0091324200913242	0.353259339760071	0.28956847319516427	0.0033455261432028833	0.11670238419974348	0.005699328500705161	0.003650225477507385	6.086731940035171e-4	0.04530951648568494	0.11874133057846444	0.24277096152787717	0.9304939182123397	0.030558952061203147	0.018487841928559633	0.012483064560515162	NPTG	Trades	N. Pacific Tropical Gyre Province	2.105235e-5
S0565	timeseries	HOT	157	2004-03-19	22.75	-158	115	north pacific	dcm	1	1	0.0411038485986016	0.6599618618150418	0.008403353281922741	0.037898322159724634	0.0024844988666482774	0.002157326009522553	0.003493361797052086	0.21831620059588244	0.24951936281241416	0.15888492172480087	0.3012908541609448	0.10409228234001648	0.06646525679758308	0.011947267234276297	0.3069863407017232	0.286429562620236	0.004389107212224993	0.1620460997911687	0.008312934191177873	0.004887076923244561	7.044582454576609e-4	0.055725752716086985	0.09960592834575442	0.19223042435677876	0.8990630896404261	0.0544159564449479	0.02518445376883917	0.010974119498225424	NPTG	Trades	N. Pacific Tropical Gyre Province	5.6721026e-5
S0566	timeseries	HOT	157	2004-03-19	22.75	-158	175	north pacific	mixed.layer	0	0	0.015997858894222467	0.18967779811444554	0.005957108816521049	0.08211313326656768	0.09785198742963705	0.1616966536588735	0.3322685361052595	0.016887753331609003	0.38393181936288523	0.17149093176739594	0.152211193680819	0.09663254170347658	0.06041157823624175	0.012653952086473004	0.1470430104418748	0.25143285276736854	0.10427190729844384	0.09422893038711594	0.22720182961163532	0.006293336786594256	0.0021667670656030933	0.006210088532206091	0.0635184180981705	0.1261001723650757	0.7893546267819345	0.18313475822962316	0.014087513402689548	0.0022617995427120425	NPTG	Trades	N. Pacific Tropical Gyre Province	1.5861522e-4
S0504	timeseries	HOT	158	2004-04-20	22.75	-158	25	north pacific	surface	0	0	0.02772010363658045	0.7398187786242991	0.0027626531740557085	0.002149586087000182	9.611088954351179e-4	9.261620745117572e-4	0.0012535210705081354	0.30048617656400084	0.24772416932180247	0.14690487027765134	0.28095129722348655	0.12107419208010924	0.08898497951752389	0.015020482476103778	0.3609892300945972	0.2807767207538674	0.00276297602949783	0.12008284801278027	0.004069035119615602	0.0037850494216122286	5.607876888990175e-4	0.04469060614133592	0.12413629295952379	0.2804240961500628	0.9589321603032528	0.021198035406066514	0.004968533322360822	0.008701201790062419	NPTG	Trades	N. Pacific Tropical Gyre Province	2.0503108e-5
S0505	timeseries	HOT	158	2004-04-20	22.75	-158	125	north pacific	dcm	1	1	0.026819294261409676	0.33126778707690446	0.006398353539728796	0.3362862946507094	0.059125327725597754	0.021588840008516845	0.044266647437174865	0.1603501227781376	0.2910525794415154	0.20108306825311217	0.18325206652504594	0.12915368782538827	0.057521490759798795	0.012239551803462737	0.3143190314145547	0.2952492595375774	0.012405071779253764	0.1621951830954636	0.03377259183225885	0.004570581010387852	9.326335300825067e-4	0.029251841505206537	0.08318186753712463	0.2539948013634897	0.8973016935804574	0.057183282797544595	0.026749930270768177	0.009827876223386676	NPTG	Trades	N. Pacific Tropical Gyre Province	6.377031e-5
S0506	timeseries	HOT	158	2004-04-20	22.75	-158	175	north pacific	mixed.layer	0	0	0.008390596745027125	0.040898992508395765	0.005707396882803755	0.21211745457676742	0.15437526909497976	0.11569448032377508	0.38778265736674417	0.030814221422562557	0.38265102191272216	0.1729035467166446	0.15586722684597143	0.09895810202250784	0.05990247195402503	0.011911212172352841	0.18190824858654653	0.27485715353891593	0.06621323618962056	0.13057585519529477	0.19213394231308456	0.005502003277524036	0.001821161385487468	0.007668703837240853	0.0571805023006678	0.18736967704424617	0.8266643925047756	0.1486970729328813	0.011141199768281726	0.004291755299897493	NPTG	Trades	N. Pacific Tropical Gyre Province	1.517394e-4
S0507	timeseries	HOT	159	2004-05-18	22.75	-158	5	north pacific	surface	0	0	0.024572481602042114	0.7461882188223716	0.0021676443497179107	0.0015585424049759163	8.958101249586812e-4	7.063706516860623e-4	0.0013228136309144014	0.2928539142420979	0.21535378449206105	0.1285648219515955	0.3802990596577771	0.11345768459996917	0.07507322336981656	0.011561584707877293	0.33953565460695184	0.2909439532035517	0.0022044177333569686	0.11052724149035513	0.003026435263122832	0.004821457838637913	5.324903235443478e-4	0.03945246163822146	0.15490927263896442	0.2590633972454083	0.9569203962246472	0.023646147954276737	0.00754382604984823	0.005912865715727991	NPTG	Trades	N. Pacific Tropical Gyre Province	2.022514e-5
S0508	timeseries	HOT	159	2004-05-18	22.75	-158	115	north pacific	dcm	1	1	0.00865616529834623	0.04713752602427623	0.005399693600974192	0.3230718466433594	0.18281572848332484	0.06821856463840986	0.21761244451427897	0.1556495650041913	0.3676874088408162	0.1804663017892472	0.16277239447196268	0.10382038211041633	0.056045749274336795	0.011942755642843732	0.20746203784416373	0.3061022389605136	0.043133942718441926	0.14018004632996373	0.14481244070294402	0.005213324921378726	0.0016801835860933052	0.013823739049609663	0.058687229400744556	0.20312986653280612	0.848371020334044	0.0924179457094415	0.037607312111709146	0.011809972651117403	NPTG	Trades	N. Pacific Tropical Gyre Province	5.757239e-5
S0509	timeseries	HOT	159	2004-05-18	22.75	-158	175	north pacific	mixed.layer	0	0	0.00887247347519412	0.03339680516863257	0.004171359136980617	0.10071646612530377	0.15459219963250548	0.16404258787268094	0.4590606662319957	0.024196549094650747	0.4006875569937942	0.16400493878967373	0.15255372547753737	0.0949910020416892	0.06110541733579735	0.011870849036048323	0.14799086206783343	0.26076644077744143	0.09796507766383704	0.09460174081345375	0.23492243717924177	0.005980668515601206	0.002272866170104335	0.005717521121240237	0.05898289743969202	0.17747258396422866	0.7924901382407681	0.18141217828551184	0.012530330170273838	0.002999021779457835	NPTG	Trades	N. Pacific Tropical Gyre Province	1.4232229e-4
S0510	timeseries	HOT	160	2004-06-15	22.75	-158	5	north pacific	surface	0	0	0.02239314164614156	0.7443190448538726	0.0045706370184533385	0.0016446734890697891	9.651464398960142e-4	9.600590716134298e-4	0.0013779500376828637	0.2765542038055128	0.21360759493670886	0.13897679324894516	0.36207805907172996	0.11418776371308016	0.06988396624472573	0.0145042194092827	0.3416171656223499	0.28278465200052966	0.002298395302898736	0.127152353062268	0.003108536679209405	0.005999889845772363	5.76551914867188e-4	0.034888031352549385	0.14581333858323695	0.2572724873632285	0.9370925044433962	0.03280103694988162	0.011206624001755853	0.011642773258061073	NPTG	Trades	N. Pacific Tropical Gyre Province	1.7935665e-5
S0511	timeseries	HOT	160	2004-06-15	22.75	-158	125	north pacific	dcm	1	1	0.01189229969682419	0.11495395532830868	0.004699595683224519	0.48344228499514474	0.09486742544354185	0.042153050660257776	0.07952002516993412	0.1539158864050667	0.3014945778827331	0.19400511657293187	0.1748852914064361	0.1313322768749547	0.05713161192762224	0.012459994406985054	0.29193745139694144	0.29516676737995123	0.015614537386823184	0.19213205207609652	0.042648830574291856	0.004741899699618964	0.0011488852232882615	0.012128936455152018	0.07258014872064815	0.20181304653173401	0.8520300746160808	0.08276832505533456	0.037817650772401935	0.0169318668725391	NPTG	Trades	N. Pacific Tropical Gyre Province	6.359945e-5
S0512	timeseries	HOT	160	2004-06-15	22.75	-158	175	north pacific	mixed.layer	0	0	0.02603111058123702	0.19714871962200456	0.013459499143486419	0.5299340515916093	0.043785727283565605	0.029861891106690845	0.045012455527179404	0.034617629495983286	0.28640133825886943	0.19021398201714645	0.19537185474315188	0.12176761692339862	0.06377639924722939	0.013103784763365163	0.28658506371280446	0.2979018742868771	0.013590875726501712	0.1378775876410307	0.033626697868443814	0.0043558720365964605	0.0010260381120634466	0.0250906950301568	0.11838748828116484	0.16439056771852342	0.8687066334726218	0.08849676896766621	0.0159718283609242	0.015408252214499102	NPTG	Trades	N. Pacific Tropical Gyre Province	1.3783244e-4
S0513	timeseries	HOT	162	2004-08-15	22.75	-158	5	north pacific	surface	0	0	0.018624503281625064	0.7536185443451208	0.005600005003870783	0.0016690795908950722	9.439994688198708e-4	0.0010055855707612282	0.0013274691816891047	0.23550302844336854	0.20659659296846683	0.13048205871692642	0.39942007973903587	0.09351214208046393	0.08263863718738673	0.013410656034795215	0.3536942381710737	0.2563348194689816	0.0018622041483620463	0.13431651263174993	0.002751386475480374	0.008457712044389788	5.054554116982697e-4	0.03376595318451017	0.15575846325431864	0.28111494124976233	0.951617651291295	0.02100228365501739	0.00904465172164745	0.011679115309734735	NPTG	Trades	N. Pacific Tropical Gyre Province	2.0792639e-5
S0514	timeseries	HOT	162	2004-08-15	22.75	-158	100	north pacific	dcm	1	1	0.036377655170670355	0.3384107843694898	0.01806284983578653	0.3796320522786594	0.018836412204252487	0.007302496171161207	0.011034639667823217	0.25272446241740043	0.27586865215731193	0.18423062237495227	0.21954944635357007	0.11935853379152349	0.06048109965635739	0.011492936235204277	0.28969411863314665	0.33349987689309607	0.014785924951935921	0.1344563127648763	0.035761900770596836	0.0041928377974865235	0.0010496828032751674	0.036034962360718945	0.07775903526096044	0.16260929953529796	0.8521385643068538	0.06566511851169272	0.03779449568402731	0.032489532437889414	NPTG	Trades	N. Pacific Tropical Gyre Province	4.8041424e-5
S0515	timeseries	HOT	162	2004-08-15	22.75	-158	175	north pacific	mixed.layer	0	0	0.026640702684786213	0.08348525024859131	0.005634736493205171	0.08576400397746105	0.11004308916141863	0.22124627113026185	0.3983261518064302	0.005153261269663142	0.40940295402537963	0.1585188267110464	0.15831079675473267	0.08165175785313085	0.06532140628250468	0.013938007073018515	0.1380104792378408	0.23983554546644342	0.14294659740681737	0.06801237470721767	0.2366312996150392	0.006165916752790176	0.002405440899716131	0.0037277564412111146	0.07602298933572825	0.1892384463694446	0.7825394629300825	0.18967848910547275	0.015373312528983892	0.001040003962733227	NPTG	Trades	N. Pacific Tropical Gyre Province	1.4631207e-4
S0516	timeseries	HOT	163	2004-09-28	22.75	-158	5	north pacific	surface	0	0	0.018942550012893633	0.7396452877332399	0.005588785486040284	0.0015674287316472632	9.609811210078153e-4	8.55382437714156e-4	0.0013307420277131993	0.2619664871499561	0.2243781094527363	0.13034825870646766	0.3783582089552239	0.0945273631840796	0.08358208955223881	0.010696517412935324	0.3136284602615331	0.26845232236941385	0.0019565773674782984	0.13814013608120254	0.002883687971182804	0.006821447552309903	5.291682249735908e-4	0.04387568975585431	0.1645112821421307	0.26433469247801483	0.9540054443834233	0.022252839760805106	0.008015510882046136	0.00886882445735457	NPTG	Trades	N. Pacific Tropical Gyre Province	2.1886857e-5
S0517	timeseries	HOT	163	2004-09-28	22.75	-158	115	north pacific	dcm	1	1	0.012559472687883173	0.09929227129946894	0.012450259881901581	0.6316861268532744	0.028179875720284457	0.02422666932145415	0.020381189840088677	0.1500626229017649	0.22618743848649436	0.1963693362009259	0.2262603433820581	0.13090073998468998	0.06761929063536616	0.010461852513396274	0.2539787611697503	0.3160191070175711	0.018258314787712254	0.1817476611831388	0.049777538738943736	0.004575065376546498	0.0012118579350837181	0.020030419990082187	0.07779737206681825	0.19402318641646046	0.8359198587400366	0.06407648444818152	0.024638772773966	0.06076294472349932	NPTG	Trades	N. Pacific Tropical Gyre Province	5.990353e-5
S0518	timeseries	HOT	163	2004-09-28	22.75	-158	175	north pacific	mixed.layer	0	0	0.018629225397173623	0.07283496956068666	0.009195780544434085	0.11640066546006325	0.13766248011846652	0.18815700469844054	0.37276732664216894	0.008085396354262132	0.4023050514958313	0.1598332515939186	0.1563511525257479	0.09058361942128494	0.06316821971554684	0.012211868563021089	0.16772577075931835	0.25456509303305835	0.09376411302462817	0.10711973866441862	0.2079253101101945	0.005919943397362558	0.002157411031492744	0.0046460077075931834	0.06703310351056783	0.1571061142678074	0.8122592813769371	0.1659298523612154	0.008892768241992798	0.003323942079714301	NPTG	Trades	N. Pacific Tropical Gyre Province	1.4949882e-4
S0519	timeseries	HOT	164	2004-10-10	22.75	-158	5	north pacific	surface	0	0	0.020981295050774753	0.7471346999324951	0.004210143623536978	0.0017387737876768576	0.0010107450465271567	0.0010682931151500315	0.0014067305663369375	0.24124925293932017	0.22045454545454546	0.12727272727272726	0.38376623376623376	0.10097402597402598	0.08344155844155844	0.011688311688311689	0.3157722030482248	0.2646237281692496	0.0019800595407534986	0.16850858078100506	0.003609562921020414	0.008568004981304419	5.599036374012044e-4	0.04961131749494899	0.13020561329172683	0.24579629616570556	0.9412823527959903	0.032439291953958144	0.009570640647505478	0.009176395350682183	NPTG	Trades	N. Pacific Tropical Gyre Province	2.1262582e-5
S0520	timeseries	HOT	164	2004-10-10	22.75	-158	115	north pacific	dcm	1	1	0.014101696603886374	0.10349200682460677	0.01556915310947184	0.5764426529621035	0.03821613745521871	0.03342978002681689	0.036167510056332064	0.09632930303384139	0.23896700143472022	0.19868005738880917	0.21595408895265422	0.12659971305595408	0.06771879483500717	0.011305595408895265	0.22031531788773928	0.32449238190063073	0.025293794863773037	0.17780062090261795	0.07702436848277786	0.00469856593179672	0.0014252123541578213	0.024345308593235953	0.068110583898411	0.2415782389420024	0.8424412290200758	0.06790233548364394	0.026834628691530932	0.04947567184543356	NPTG	Trades	N. Pacific Tropical Gyre Province	6.0263457e-5
S0521	timeseries	HOT	164	2004-10-10	22.75	-158	175	north pacific	mixed.layer	0	0	0.01191892159777976	0.05553903591370139	0.006706974592790829	0.11150758251561106	0.16844252816598937	0.17767700796246738	0.3812320348894836	0.014069857467560464	0.4261510128913444	0.15623442747264651	0.14672299859170188	0.08603618242877262	0.06218177878886361	0.0117430397573394	0.16890616390931903	0.26934601433082567	0.08423729243182451	0.10703493855835255	0.20576514895814016	0.005927374651968521	0.0021438872531427894	0.004871440139919661	0.06116348907978276	0.17422250754174018	0.8148682046184108	0.1613559350398116	0.009805133845405425	0.004399881089320375	NPTG	Trades	N. Pacific Tropical Gyre Province	1.5701662e-4
S0522	timeseries	HOT	165	2004-11-10	22.75	-158	5	north pacific	surface	0	0	0.022782393390066123	0.7316858032311685	0.0068328856058327905	0.002130617281595413	0.0010861429049791884	0.0011719901140161383	0.001450114990077368	0.2893788565595907	0.20789337026138133	0.12670936472217414	0.380474294616583	0.10109053141769084	0.08343430846460101	0.009347412151635797	0.33105737990589373	0.2665801371004315	0.002542174771005902	0.16425592406069237	0.00431040533801769	0.006480561976267746	6.44546592600776e-4	0.0470006305081725	0.11504485275223227	0.23801617281687165	0.9363579956538932	0.03372808968588498	0.009058456850260962	0.012684570797986228	NPTG	Trades	N. Pacific Tropical Gyre Province	2.017439e-5
S0523	timeseries	HOT	165	2004-11-10	22.75	-158	100	north pacific	dcm	1	1	0.008862415298979872	0.05684658918213468	0.006799346482238771	0.5049580444299018	0.10380936013346531	0.0636474366238618	0.13441842697944661	0.09853343189035442	0.3435989057004076	0.18935291161855844	0.1699681759812406	0.1092680475685333	0.054821059683993076	0.011568309977109038	0.2174373269840213	0.3198716187042906	0.030901940428660093	0.16675436716194517	0.09524647462692754	0.004880541054872201	0.0015456575346048942	0.019920977833912133	0.06559227048938915	0.21768109113152453	0.8478034237029044	0.09039138554844084	0.029475337673155102	0.021679290957363737	NPTG	Trades	N. Pacific Tropical Gyre Province	4.9029364e-5
S0524	timeseries	HOT	165	2004-11-10	22.75	-158	175	north pacific	mixed.layer	0	0	0.016438184924371848	0.0651902162590108	0.0067711154631442975	0.07096129005375224	0.12706779449143715	0.21191507979499147	0.41873619734155587	0.00773254275529228	0.4081399109386273	0.15461352837276413	0.15754907082618105	0.0917481404084882	0.060253252730303256	0.010473418414309526	0.15935012125837214	0.264224037786319	0.11099209101295772	0.07518019072414786	0.20078071769989358	0.006480165750231248	0.002392971104221288	0.0048381524870801315	0.08220769422876281	0.09256875705070142	0.8238712735746658	0.15364115237409023	0.009855214186262968	0.002505448246391632	NPTG	Trades	N. Pacific Tropical Gyre Province	1.6741584e-4
S0525	timeseries	HOT	166	2004-12-14	22.75	-158	5	north pacific	surface	0	0	0.024803168512450176	0.7289956849141214	0.007573696041417507	0.007646300162587496	0.001177101460543376	0.0013340292657493774	0.0016856161517300361	0.2764510578147304	0.2050195014414109	0.14295404442937087	0.3642530100050873	0.10869933864676955	0.08309309818551806	0.011870442597931151	0.34738768148027926	0.28135043944391425	0.0037664740029016435	0.14656821577902737	0.006755686829258336	0.004967755677282213	6.491990851955284e-4	0.043237910066174196	0.10306430527632277	0.2400351393245613	0.926287230236066	0.037343553038664955	0.016212624364192216	0.012001642384909783	NPTG	Trades	N. Pacific Tropical Gyre Province	2.0702737e-5
S0526	timeseries	HOT	166	2004-12-14	22.75	-158	100	north pacific	dcm	1	1	0.012414868728879647	0.10880304999566762	0.006292695606966468	0.4094695433671259	0.10701672298760939	0.05033393986656269	0.15615353955463132	0.14449522400778694	0.3109543616355412	0.20387444455788806	0.17709780664177813	0.11420910814086145	0.05410372395914254	0.012713576092794901	0.24122701172980016	0.3037446740699936	0.026998660384940136	0.1698760297180159	0.08544646096859271	0.0051687244308069044	0.0014880790309831124	0.015437386896535515	0.0712730240964477	0.17473452742987855	0.8248109405007705	0.10215843637762981	0.04927355999572912	0.013277484716885016	NPTG	Trades	N. Pacific Tropical Gyre Province	5.0079314e-5
S0527	timeseries	HOT	166	2004-12-14	22.75	-158	175	north pacific	mixed.layer	0	0	0.06592513903643067	0.17452977566706243	0.01830906704992814	0.07873523714303568	0.0806098856464413	0.2198962694494782	0.26420046241329753	0.002157885830134755	0.3661305581835383	0.1641438032166509	0.19489120151371808	0.09035004730368969	0.05771050141911069	0.010406811731315043	0.13009165113390714	0.230455579448887	0.13620549605257454	0.08028190780608331	0.24886684671475068	0.0064238718881867475	0.0024736194376544247	0.004008676985821685	0.06595847334804626	0.14309467769589088	0.7972616168569407	0.1835719934655285	0.007274757266498158	0.0015376099556974698	NPTG	Trades	N. Pacific Tropical Gyre Province	1.7074058e-4
S0627	timeseries	HOT	214	2009-08-19	22.75	-158	5	north pacific	surface	0	0	0.022057675959124196	0.7443987658642613	0.00819376814948254	0.002286384152078272	0.001331824583397781	0.0021177545986442183	0.0018553902727495805	0.2211732659769843	0.24395136016046132	0.14779992478375328	0.3250595461953115	0.0847436379591325	0.09188918139651497	0.011533157828757678	0.3501483624138099	0.2683600470294946	0.002150261064465088	0.1676322620541078	0.003749517731160997	0.012864422120138745	6.22306457372101e-4	0.024484604634745867	0.11497475776431833	0.2756065929656514	0.9305555869930912	0.027915725684066486	0.008871901187824414	0.023907628518074583	NPTG	Trades	N. Pacific Tropical Gyre Province	2.0792639e-5
S0628	timeseries	HOT	216	2009-11-04	22.75	-158	100	north pacific	dcm	1	1	0.03486429027456823	0.3265493644879135	0.026709968873620624	0.31551800307089706	0.05506127927150097	0.01931202605528119	0.045149078016528836	0.16229018758040595	0.272898750356775	0.19867093555712742	0.20938039040492412	0.11499323678691535	0.06084409863122495	0.011602943548887483	0.2509780993114934	0.3221063468356388	0.013616849556444035	0.19628909341624853	0.03442512846632666	0.005958361000897251	0.0011809725170423512	0.03299670073066413	0.07538127138684324	0.2269018628922811	0.8543777816300947	0.059268881464010166	0.0077832108783005335	0.06360296536265435	NPTG	Trades	N. Pacific Tropical Gyre Province	4.9029364e-5
