sampleID	date	replicate	tara_station	environment	depth	lat	lon	ocean	temperature_dissolved_deg.c	salinity_dissolved_PSS.1978	sigmatheta_dissolved_kg.m3	oxygen_dissolved_umol.kg	phosphate_dissolved_umol.kg	silicate_dissolved_umol.kg	nitrite_dissolved_umol.kg	nitrate_dissolved_umol.kg	chl_dissolved_mg.kg	chla_norm	dcm_depth	dcm.layer	dcm.max	hdb_cl	ebi_run_id	release_version	date_acquired_from_ebi	full_sample_name	pangaea_id	env_feature
tara_S0001	2009-09-15	A	TARA_004	dcm	40	36.553	-6.567	north atlantic	16.3584	36.5811	26.8866	NA	NaN	NaN	NaN	NaN	5.22709268292683e-4	1	40	1	1	2	ERR598950	2	6/19/17	TARA_20090915T1800Z_004_EVENT_PUMP_P_D_(40 m)_BACT_NUC-DNA(100L)_W0.22-1.6_TARA_X000000368	TARA_X000000368	[DCM] deep chlorophyll maximum layer (ENVO:01000326)
tara_S0002	2009-09-15	B	TARA_004	dcm	40	36.553	-6.567	north atlantic	16.3584	36.5811	26.8866	NA	NaN	NaN	NaN	NaN	5.22709268292683e-4	1	40	1	1	2	ERR599095	2	6/19/17	TARA_20090915T1800Z_004_EVENT_PUMP_P_D_(40 m)_BACT_NUC-DNA(100L)_W0.22-1.6_TARA_X000000368	TARA_X000000368	[DCM] deep chlorophyll maximum layer (ENVO:01000326)
tara_S0003	2009-09-15	A	TARA_004	surface	5	36.553	-6.567	north atlantic	20.238088	36.599199	25.909909	NA	NaN	NaN	NaN	NaN	1.7600292682926833e-4	0.336712848815832	40	0	0	2	ERR598955	2	6/19/17	TARA_20090915T1130Z_004_EVENT_PUMP_P_S_(5 m)_BACT_NUC-DNA(100L)_W0.22-1.6_TARA_X000000263	TARA_X000000263	[SRF] surface water layer (ENVO:00010504)
tara_S0004	2009-09-15	B	TARA_004	surface	5	36.553	-6.567	north atlantic	20.238088	36.599199	25.909909	NA	NaN	NaN	NaN	NaN	1.7600292682926833e-4	0.336712848815832	40	0	0	2	ERR599003	2	6/19/17	TARA_20090915T1130Z_004_EVENT_PUMP_P_S_(5 m)_BACT_NUC-DNA(100L)_W0.22-1.6_TARA_X000000263	TARA_X000000263	[SRF] surface water layer (ENVO:00010504)
tara_S0005	2009-11-02	A	TARA_018	dcm	60	35.756	14.267	mediterranean	18.30575	37.84945	27.375	237.8893	0.01278048780487805	0.5671707317073171	0.025658536585365856	0.03707317073170732	7.500000000000001e-5	1	60	1	1	3	ERR599073	2	6/19/17	TARA_20091102T1407Z_018_EVENT_PUMP_P_D_(60 m)_BACT_NUC-DNA(100L)_W0.22-1.6_TARA_S200000501	TARA_S200000501	[DCM] deep chlorophyll maximum layer (ENVO:01000326)
tara_S0006	2009-11-02	B	TARA_018	dcm	60	35.756	14.267	mediterranean	18.30575	37.84945	27.375	237.8893	0.01278048780487805	0.5671707317073171	0.025658536585365856	0.03707317073170732	7.500000000000001e-5	1	60	1	1	3	ERR599092	2	6/19/17	TARA_20091102T1407Z_018_EVENT_PUMP_P_D_(60 m)_BACT_NUC-DNA(100L)_W0.22-1.6_TARA_S200000501	TARA_S200000501	[DCM] deep chlorophyll maximum layer (ENVO:01000326)
tara_S0007	2009-11-02	A	TARA_018	surface	5	35.756	14.267	mediterranean	21.48665	37.89575	26.565263	207.791417	0.024975609756097566	0.5435121951219513	0.017882926829268293	0.1151219512195122	1.3018536585365855e-5	0.17358048780487806	60	0	0	3	ERR598993	2	6/19/17	TARA_20091102T0813Z_018_EVENT_PUMP_P_S_(5 m)_BACT_NUC-DNA(100L)_W0.22-1.6_TARA_A100000164	TARA_A100000164	[SRF] surface water layer (ENVO:00010504)
tara_S0008	2009-11-02	B	TARA_018	surface	5	35.756	14.267	mediterranean	21.48665	37.89575	26.565263	207.791417	0.024975609756097566	0.5435121951219513	0.017882926829268293	0.1151219512195122	1.3018536585365855e-5	0.17358048780487806	60	0	0	3	ERR599140	2	6/19/17	TARA_20091102T0813Z_018_EVENT_PUMP_P_S_(5 m)_BACT_NUC-DNA(100L)_W0.22-1.6_TARA_A100000164	TARA_A100000164	[SRF] surface water layer (ENVO:00010504)
tara_S0009	2009-11-18	A	TARA_023	dcm	55	42.189	17.72	mediterranean	15.180558	38.47375	28.613475	224.266917	0.011707317073170733	1.0248780487804878	0.012682926829268294	0.04878048780487806	1.3353853658536587e-4	1	55	1	1	2	ERR315859	2	6/19/17	TARA_20091118T1240Z_023_EVENT_PUMP_P_D_(55-57m)_BACT_NUC-DNA(100L)_W0.22-1.6_TARA_E500000081	TARA_E500000081	[DCM] deep chlorophyll maximum layer (ENVO:01000326)
tara_S0010	2009-11-18	B	TARA_023	dcm	55	42.189	17.72	mediterranean	15.180558	38.47375	28.613475	224.266917	0.011707317073170733	1.0248780487804878	0.012682926829268294	0.04878048780487806	1.3353853658536587e-4	1	55	1	1	2	ERR315860	2	6/19/17	TARA_20091118T1240Z_023_EVENT_PUMP_P_D_(55-57m)_BACT_NUC-DNA(100L)_W0.22-1.6_TARA_E500000081	TARA_E500000081	[DCM] deep chlorophyll maximum layer (ENVO:01000326)
tara_S0011	2009-11-18	A	TARA_023	surface	5	42.189	17.72	mediterranean	17.211742	38.22805	27.9429	220.000333	0.011707317073170733	1.3389024390243902	0.008902439024390245	0.03987804878048781	1.0140000000000001e-4	0.7593313705005224	55	1	0	2	ERR315858	2	6/19/17	TARA_20091118T0841Z_023_EVENT_PUMP_P_S_(5-7m)_BACT_NUC-DNA(100L)_W0.22-1.6_TARA_E500000075	TARA_E500000075	[SRF] surface water layer (ENVO:00010504)
tara_S0012	2009-11-18	B	TARA_023	surface	5	42.189	17.72	mediterranean	17.211742	38.22805	27.9429	220.000333	0.011707317073170733	1.3389024390243902	0.008902439024390245	0.03987804878048781	1.0140000000000001e-4	0.7593313705005224	55	1	0	2	ERR315861	2	6/19/17	TARA_20091118T0841Z_023_EVENT_PUMP_P_S_(5-7m)_BACT_NUC-DNA(100L)_W0.22-1.6_TARA_E500000075	TARA_E500000075	[SRF] surface water layer (ENVO:00010504)
tara_S0013	2009-11-23	A	TARA_025	dcm	50	39.394	19.395	mediterranean	15.181967	38.489083	28.626442	229.547682	NaN	1.3209756097560978	0.10292682926829269	0.3507317073170732	1.3075902439024393e-4	1	50	1	1	2	ERR599094	2	6/19/17	TARA_20091123T1352Z_025_EVENT_PUMP_P_D_(50 m)_BACT_NUC-DNA(100L)_W0.22-1.6_TARA_E500000331	TARA_E500000331	[DCM] deep chlorophyll maximum layer (ENVO:01000326)
tara_S0014	2009-11-23	B	TARA_025	dcm	50	39.394	19.395	mediterranean	15.181967	38.489083	28.626442	229.547682	NaN	1.3209756097560978	0.10292682926829269	0.3507317073170732	1.3075902439024393e-4	1	50	1	1	2	ERR599153	2	6/19/17	TARA_20091123T1352Z_025_EVENT_PUMP_P_D_(50 m)_BACT_NUC-DNA(100L)_W0.22-1.6_TARA_E500000331	TARA_E500000331	[DCM] deep chlorophyll maximum layer (ENVO:01000326)
tara_S0015	2009-11-23	A	TARA_025	surface	5	39.394	19.395	mediterranean	18.319192	38.185333	27.633617	218.016833	0.005121951219512196	1.0248780487804878	0.004146341463414635	0.03439024390243903	1.0224097560975612e-4	0.78190378129943	50	1	0	2	ERR598951	2	6/19/17	TARA_20091123T0912Z_025_EVENT_PUMP_P_S_(5 m)_BACT_NUC-DNA(100L)_W0.22-1.6_TARA_E500000178	TARA_E500000178	[SRF] surface water layer (ENVO:00010504)
tara_S0016	2009-11-23	B	TARA_025	surface	5	39.394	19.395	mediterranean	18.319192	38.185333	27.633617	218.016833	0.005121951219512196	1.0248780487804878	0.004146341463414635	0.03439024390243903	1.0224097560975612e-4	0.78190378129943	50	1	0	2	ERR599043	2	6/19/17	TARA_20091123T0912Z_025_EVENT_PUMP_P_S_(5 m)_BACT_NUC-DNA(100L)_W0.22-1.6_TARA_E500000178	TARA_E500000178	[SRF] surface water layer (ENVO:00010504)
tara_S0017	2009-12-15	A	TARA_030	dcm	70.5	33.922	32.841	mediterranean	18.61621	39.23456	28.36135	218.132538	0	0.6492682926829269	0.004878048780487806	NaN	8.884975609756097e-5	1	70.5	1	1	3	ERR318618	2	6/19/17	TARA_20091215T1512Z_030_Combined-EVENTS_CAST_MB_D_(70-75m)_BACT_NUC-DNA(100L)_W0.22-1.6_TARA_A100001011	TARA_A100001011	[DCM] deep chlorophyll maximum layer (ENVO:01000326)
tara_S0018	2009-12-15	B	TARA_030	dcm	70.5	33.922	32.841	mediterranean	18.61621	39.23456	28.36135	218.132538	0	0.6492682926829269	0.004878048780487806	NaN	8.884975609756097e-5	1	70.5	1	1	3	ERR318619	2	6/19/17	TARA_20091215T1512Z_030_Combined-EVENTS_CAST_MB_D_(70-75m)_BACT_NUC-DNA(100L)_W0.22-1.6_TARA_A100001011	TARA_A100001011	[DCM] deep chlorophyll maximum layer (ENVO:01000326)
tara_S0019	2009-12-15	C	TARA_030	dcm	70.5	33.922	32.841	mediterranean	18.61621	39.23456	28.36135	218.132538	0	0.6492682926829269	0.004878048780487806	NaN	8.884975609756097e-5	1	70.5	1	1	3	ERR318620	2	6/19/17	TARA_20091215T1512Z_030_Combined-EVENTS_CAST_MB_D_(70-75m)_BACT_NUC-DNA(100L)_W0.22-1.6_TARA_A100001011	TARA_A100001011	[DCM] deep chlorophyll maximum layer (ENVO:01000326)
tara_S0020	2009-12-15	D	TARA_030	dcm	70.5	33.922	32.841	mediterranean	18.61621	39.23456	28.36135	218.132538	0	0.6492682926829269	0.004878048780487806	NaN	8.884975609756097e-5	1	70.5	1	1	3	ERR318621	2	6/19/17	TARA_20091215T1512Z_030_Combined-EVENTS_CAST_MB_D_(70-75m)_BACT_NUC-DNA(100L)_W0.22-1.6_TARA_A100001011	TARA_A100001011	[DCM] deep chlorophyll maximum layer (ENVO:01000326)
tara_S0021	2009-12-15	A	TARA_030	surface	5	33.922	32.841	mediterranean	20.4425	39.42311	28.0195	207.567167	2.4390243902439027e-4	0.7960975609756098	0.0012195121951219514	0.04439024390243903	6.605463414634148e-5	0.7434419299228077	70.5	1	0	3	ERR315862	2	6/19/17	TARA_20091215T1041Z_030_EVENT_PUMP_P_S_(5-7m)_BACT_NUC-DNA(100L)_W0.22-1.6_TARA_A100001015	TARA_A100001015	[SRF] surface water layer (ENVO:00010504)
tara_S0022	2009-12-15	B	TARA_030	surface	5	33.922	32.841	mediterranean	20.4425	39.42311	28.0195	207.567167	2.4390243902439027e-4	0.7960975609756098	0.0012195121951219514	0.04439024390243903	6.605463414634148e-5	0.7434419299228077	70.5	1	0	3	ERR315863	2	6/19/17	TARA_20091215T1041Z_030_EVENT_PUMP_P_S_(5-7m)_BACT_NUC-DNA(100L)_W0.22-1.6_TARA_A100001015	TARA_A100001015	[SRF] surface water layer (ENVO:00010504)
tara_S0023	2010-01-09	A	TARA_031	surface	5	27.143	34.8	red sea	25.0281	39.96035	27.086225	NA	0.011951219512195124	0.8609756097560975	0.00902439024390244	0.0351219512195122	1.1010243902439026e-4	1	NA	1	1	3	ERR598969	2	6/19/17	TARA_20100109T0715Z_031_EVENT_PUMP_P_S_(5 m)_BACT_NUC-DNA(100L)_W0.22-1.6_TARA_A100001403	TARA_A100001403	[SRF] surface water layer (ENVO:00010504)
tara_S0024	2010-01-09	B	TARA_031	surface	5	27.143	34.8	red sea	25.0281	39.96035	27.086225	NA	0.011951219512195124	0.8609756097560975	0.00902439024390244	0.0351219512195122	1.1010243902439026e-4	1	NA	1	1	3	ERR599106	2	6/19/17	TARA_20100109T0715Z_031_EVENT_PUMP_P_S_(5 m)_BACT_NUC-DNA(100L)_W0.22-1.6_TARA_A100001403	TARA_A100001403	[SRF] surface water layer (ENVO:00010504)
tara_S0025	2010-01-11	A	TARA_032	dcm	80	23.383	37.229	red sea	26.12925	40.187042	26.917092	179.968	0.02439024390243903	0.8292682926829269	0.009756097560975611	NaN	1.5278048780487805e-4	1	80	1	1	3	ERR599061	2	6/19/17	TARA_20100111T1417Z_032_EVENT_PUMP_P_D_(80 m)_BACT_NUC-DNA(100L)_W0.22-1.6_TARA_A100001037	TARA_A100001037	[DCM] deep chlorophyll maximum layer (ENVO:01000326)
tara_S0026	2010-01-11	B	TARA_032	dcm	80	23.383	37.229	red sea	26.12925	40.187042	26.917092	179.968	0.02439024390243903	0.8292682926829269	0.009756097560975611	NaN	1.5278048780487805e-4	1	80	1	1	3	ERR599097	2	6/19/17	TARA_20100111T1417Z_032_EVENT_PUMP_P_D_(80 m)_BACT_NUC-DNA(100L)_W0.22-1.6_TARA_A100001037	TARA_A100001037	[DCM] deep chlorophyll maximum layer (ENVO:01000326)
tara_S0027	2010-01-11	A	TARA_032	surface	5	23.383	37.229	red sea	25.811708	39.7709	26.698217	188.416583	0.008536585365853661	0.8560975609756097	0.010487804878048781	0	8.34009756097561e-5	0.5458876117496808	80	1	0	3	ERR599041	2	6/19/17	TARA_20100111T0721Z_032_EVENT_PUMP_P_S_(5 m)_BACT_NUC-DNA(100L)_W0.22-1.6_TARA_A100001035	TARA_A100001035	[SRF] surface water layer (ENVO:00010504)
tara_S0028	2010-01-11	B	TARA_032	surface	5	23.383	37.229	red sea	25.811708	39.7709	26.698217	188.416583	0.008536585365853661	0.8560975609756097	0.010487804878048781	0	8.34009756097561e-5	0.5458876117496808	80	1	0	3	ERR599116	2	6/19/17	TARA_20100111T0721Z_032_EVENT_PUMP_P_S_(5 m)_BACT_NUC-DNA(100L)_W0.22-1.6_TARA_A100001035	TARA_A100001035	[SRF] surface water layer (ENVO:00010504)
tara_S0029	2010-01-11	C	TARA_032	surface	5	23.383	37.229	red sea	25.811708	39.7709	26.698217	188.416583	0.008536585365853661	0.8560975609756097	0.010487804878048781	0	8.34009756097561e-5	0.5458876117496808	80	1	0	3	ERR599155	2	6/19/17	TARA_20100111T0721Z_032_EVENT_PUMP_P_S_(5 m)_BACT_NUC-DNA(100L)_W0.22-1.6_TARA_A100001035	TARA_A100001035	[SRF] surface water layer (ENVO:00010504)
tara_S0030	2010-01-13	A	TARA_033	surface	5	21.947	38.252	red sea	27.3097	38.9435	25.59125	182.812167	0.04463414634146342	1.0929268292682928	0.0029268292682926834	0.005853658536585367	1.4689560975609758e-4	1	NA	1	1	2	ERR599049	2	6/19/17	TARA_20100113T0716Z_033_EVENT_PUMP_P_S_(5 m)_BACT_NUC-DNA(100L)_W0.22-1.6_TARA_A100001234	TARA_A100001234	[SRF] surface water layer (ENVO:00010504)
tara_S0031	2010-01-13	B	TARA_033	surface	5	21.947	38.252	red sea	27.3097	38.9435	25.59125	182.812167	0.04463414634146342	1.0929268292682928	0.0029268292682926834	0.005853658536585367	1.4689560975609758e-4	1	NA	1	1	2	ERR599134	2	6/19/17	TARA_20100113T0716Z_033_EVENT_PUMP_P_S_(5 m)_BACT_NUC-DNA(100L)_W0.22-1.6_TARA_A100001234	TARA_A100001234	[SRF] surface water layer (ENVO:00010504)
tara_S0032	2010-01-20	A	TARA_034	dcm	60	18.419	39.866	red sea	27.558763	38.895025	25.47435	175.384083	0.08634146341463415	1.3195121951219513	0.26243902439024397	0.6195121951219513	1.4434146341463415e-4	1	60	1	1	2	ERR598975	2	6/19/17	TARA_20100120T1150Z_034_EVENT_PUMP_P_D_(60 m)_BACT_NUC-DNA(100L)_W0.22-1.6_TARA_B100000029	TARA_B100000029	[DCM] deep chlorophyll maximum layer (ENVO:01000326)
tara_S0033	2010-01-20	B	TARA_034	dcm	60	18.419	39.866	red sea	27.558763	38.895025	25.47435	175.384083	0.08634146341463415	1.3195121951219513	0.26243902439024397	0.6195121951219513	1.4434146341463415e-4	1	60	1	1	2	ERR599111	2	6/19/17	TARA_20100120T1150Z_034_EVENT_PUMP_P_D_(60 m)_BACT_NUC-DNA(100L)_W0.22-1.6_TARA_B100000029	TARA_B100000029	[DCM] deep chlorophyll maximum layer (ENVO:01000326)
tara_S0034	2010-01-20	A	TARA_034	surface	5	18.419	39.866	red sea	27.635025	38.64	25.2559	184.061167	0.1404878048780488	2.57609756097561	0.010731707317073172	0.028292682926829273	1.3390926829268292e-4	0.9277255829672186	60	1	1	2	ERR598959	2	6/19/17	TARA_20100120T0427Z_034_EVENT_PUMP_P_S_(5 m)_BACT_NUC-DNA(100L)_W0.22-1.6_TARA_B100000003	TARA_B100000003	[SRF] surface water layer (ENVO:00010504)
tara_S0035	2010-01-20	B	TARA_034	surface	5	18.419	39.866	red sea	27.635025	38.64	25.2559	184.061167	0.1404878048780488	2.57609756097561	0.010731707317073172	0.028292682926829273	1.3390926829268292e-4	0.9277255829672186	60	1	1	2	ERR598991	2	6/19/17	TARA_20100120T0427Z_034_EVENT_PUMP_P_S_(5 m)_BACT_NUC-DNA(100L)_W0.22-1.6_TARA_B100000003	TARA_B100000003	[SRF] surface water layer (ENVO:00010504)
tara_S0036	2010-03-12	A	TARA_036	dcm	17	20.82	63.509	indian	25.329231	36.535819	24.403813	211.606583	0.4204878048780488	1.4043902439024392	0.27024390243902446	1.0878048780487806	2.3519024390243905e-4	1	17	1	1	2	ERR598974	2	6/19/17	TARA_20100312T1223Z_036_EVENT_PUMP_P_D_(17 m)_BACT_NUC-DNA(100L)_W0.22-1.6_TARA_B100000035	TARA_B100000035	[DCM] deep chlorophyll maximum layer (ENVO:01000326)
tara_S0037	2010-03-12	B	TARA_036	dcm	17	20.82	63.509	indian	25.329231	36.535819	24.403813	211.606583	0.4204878048780488	1.4043902439024392	0.27024390243902446	1.0878048780487806	2.3519024390243905e-4	1	17	1	1	2	ERR599028	2	6/19/17	TARA_20100312T1223Z_036_EVENT_PUMP_P_D_(17 m)_BACT_NUC-DNA(100L)_W0.22-1.6_TARA_B100000035	TARA_B100000035	[DCM] deep chlorophyll maximum layer (ENVO:01000326)
tara_S0038	2010-03-12	A	TARA_036	surface	5	20.82	63.509	indian	25.681369	36.525962	24.284594	NA	0.3487804878048781	1.1151219512195123	0.04439024390243903	0.1380487804878049	2.004790243902439e-4	0.852412162442444	17	1	0	2	ERR598966	2	6/19/17	TARA_20100312T0606Z_036_EVENT_PUMP_P_S_(5 m)_BACT_NUC-DNA(100L)_W0.22-1.6_TARA_B100000034	TARA_B100000034	[SRF] surface water layer (ENVO:00010504)
tara_S0039	2010-03-12	B	TARA_036	surface	5	20.82	63.509	indian	25.681369	36.525962	24.284594	NA	0.3487804878048781	1.1151219512195123	0.04439024390243903	0.1380487804878049	2.004790243902439e-4	0.852412162442444	17	1	0	2	ERR599143	2	6/19/17	TARA_20100312T0606Z_036_EVENT_PUMP_P_S_(5 m)_BACT_NUC-DNA(100L)_W0.22-1.6_TARA_B100000034	TARA_B100000034	[SRF] surface water layer (ENVO:00010504)
tara_S0040	2010-03-15	A	TARA_038	dcm	25	19.034	64.523	indian	25.607735	36.549506	24.3126	154.699917	0.40682926829268296	1.5853658536585367	0.6829268292682927	1.8126829268292686	1.8138731707317076e-4	1	25	1	1	2	ERR598949	2	6/19/17	TARA_20100315T1118Z_038_EVENT_PUMP_P_D_(25 m)_BACT_NUC-RNA(10L-or-10min)_W0.22-1.6_TARA_B100000073	TARA_B100000073	[DCM] deep chlorophyll maximum layer (ENVO:01000326)
tara_S0041	2010-03-15	B	TARA_038	dcm	25	19.034	64.523	indian	25.607735	36.549506	24.3126	154.699917	0.40682926829268296	1.5853658536585367	0.6829268292682927	1.8126829268292686	1.8138731707317076e-4	1	25	1	1	2	ERR599082	2	6/19/17	TARA_20100315T1118Z_038_EVENT_PUMP_P_D_(25 m)_BACT_NUC-RNA(10L-or-10min)_W0.22-1.6_TARA_B100000073	TARA_B100000073	[DCM] deep chlorophyll maximum layer (ENVO:01000326)
tara_S0042	2010-03-15	A	TARA_038	surface	5	19.034	64.523	indian	26.313595	36.618044	24.148331	NA	0.3287804878048781	1.2468292682926831	0.10439024390243903	0.40926829268292686	1.1086926829268294e-4	0.6112294403029227	25	1	0	2	ERR599102	2	6/19/17	TARA_20100315T0335Z_038_EVENT_PUMP_P_S_(5 m)_BACT_NUC-RNA(10L-or-10min)_W0.22-1.6_TARA_B100000066	TARA_B100000066	[SRF] surface water layer (ENVO:00010504)
tara_S0043	2010-03-15	B	TARA_038	surface	5	19.034	64.523	indian	26.313595	36.618044	24.148331	NA	0.3287804878048781	1.2468292682926831	0.10439024390243903	0.40926829268292686	1.1086926829268294e-4	0.6112294403029227	25	1	0	2	ERR599158	2	6/19/17	TARA_20100315T0335Z_038_EVENT_PUMP_P_S_(5 m)_BACT_NUC-RNA(10L-or-10min)_W0.22-1.6_TARA_B100000066	TARA_B100000066	[SRF] surface water layer (ENVO:00010504)
tara_S0044	2010-03-18	A	TARA_039	dcm	25	18.659	66.431	indian	26.692435	36.40162	23.87718	192.95875	0.2404878048780488	1.2112195121951221	0.010731707317073172	0.06585365853658538	1.9200292682926832e-4	1	25	1	1	2	ERR599145	2	6/19/17	TARA_20100318T1133Z_039_EVENT_PUMP_P_D_(25 m)_BACT_NUC-DNA(100L)_W0.22-1.6_TARA_B100000085	TARA_B100000085	[DCM] deep chlorophyll maximum layer (ENVO:01000326)
tara_S0045	2010-03-18	B	TARA_039	dcm	25	18.659	66.431	indian	26.692435	36.40162	23.87718	NA	0.2404878048780488	1.2112195121951221	0.010731707317073172	0.06585365853658538	1.9200292682926832e-4	1	25	1	1	2	ERR1701760	3	6/19/17	TARA_20100318T1133Z_039_EVENT_PUMP_P_D_(25 m)_BACT_NUC-DNA(100L)_W1.6-20_TARA_B100000105	TARA_B100000105	[DCM] deep chlorophyll maximum layer (ENVO:01000326)
tara_S0046	2010-03-20	A	TARA_039	mesopelagic	271	18.659	66.431	indian	15.553795	35.907681	26.565675	NA	2.5756097560975615	37.678048780487806	2.0234146341463415	20.702439024390245	7.523902439024391e-6	0.03918639451634376	25	0	0	2	ERR599037	2	6/19/17	TARA_20100320T0817Z_039_Combined-EVENTS_CAST_MB_M_(270 m)_BACT_NUC-DNA(100L)_W0.22-1.6_TARA_B100000097	TARA_B100000097	[MES] marine water layer (ENVO:01000295) within the mesopelagic zone (ENVO:00000213)
tara_S0047	2010-03-20	B	TARA_039	mesopelagic	271	18.659	66.431	indian	15.553795	35.907681	26.565675	NA	2.5756097560975615	37.678048780487806	2.0234146341463415	20.702439024390245	7.523902439024391e-6	0.03918639451634376	25	0	0	2	ERR599172	2	6/19/17	TARA_20100320T0817Z_039_Combined-EVENTS_CAST_MB_M_(270 m)_BACT_NUC-DNA(100L)_W0.22-1.6_TARA_B100000097	TARA_B100000097	[MES] marine water layer (ENVO:01000295) within the mesopelagic zone (ENVO:00000213)
tara_S0048	2010-03-30	A	TARA_041	dcm	60	14.58	69.995	indian	27.374181	36.503531	23.734719	148.328125	0.8253658536585367	3.489268292682927	0.23170731707317074	7.6556097560975624	1.6251804878048782e-4	1	60	1	1	2	ERR598977	2	6/19/17	TARA_20100330T1056Z_041_EVENT_PUMP_P_D_(60 m)_BACT_NUC-RNA(10L-or-10min)_W0.22-1.6_TARA_B100000287	TARA_B100000287	[DCM] deep chlorophyll maximum layer (ENVO:01000326)
tara_S0049	2010-03-30	B	TARA_041	dcm	60	14.58	69.995	indian	27.374181	36.503531	23.734719	148.328125	0.8253658536585367	3.489268292682927	0.23170731707317074	7.6556097560975624	1.6251804878048782e-4	1	60	1	1	2	ERR599053	2	6/19/17	TARA_20100330T1056Z_041_EVENT_PUMP_P_D_(60 m)_BACT_NUC-RNA(10L-or-10min)_W0.22-1.6_TARA_B100000287	TARA_B100000287	[DCM] deep chlorophyll maximum layer (ENVO:01000326)
tara_S0050	2010-03-30	A	TARA_041	surface	5	14.58	69.995	indian	29.151544	36.0499	22.799819	187.42925	0.15268292682926832	1.3526829268292684	0.006829268292682928	0.05560975609756098	9.012390243902439e-5	0.554547037177109	60	1	0	2	ERR599011	2	6/19/17	TARA_20100330T0247Z_041_EVENT_PUMP_P_S_(5 m)_BACT_NUC-RNA(10L-or-10min)_W0.22-1.6_TARA_B100000282	TARA_B100000282	[SRF] surface water layer (ENVO:00010504)
tara_S0051	2010-03-30	B	TARA_041	surface	5	14.58	69.995	indian	29.151544	36.0499	22.799819	187.42925	0.15268292682926832	1.3526829268292684	0.006829268292682928	0.05560975609756098	9.012390243902439e-5	0.554547037177109	60	1	0	2	ERR599074	2	6/19/17	TARA_20100330T0247Z_041_EVENT_PUMP_P_S_(5 m)_BACT_NUC-RNA(10L-or-10min)_W0.22-1.6_TARA_B100000282	TARA_B100000282	[SRF] surface water layer (ENVO:00010504)
tara_S0052	2010-04-04	A	TARA_042	dcm	80	6	73.901	indian	27.9561	35.044342	22.474092	132.77885	0.24439024390243905	2.666829268292683	0.1482926829268293	0.7229268292682928	2.234136585365854e-4	1	80	1	1	3	ERR599013	2	6/19/17	TARA_20100404T0950Z_042_EVENT_PUMP_P_D_(80 m)_BACT_NUC-DNA(100L)_W0.22-1.6_TARA_B100000131	TARA_B100000131	[DCM] deep chlorophyll maximum layer (ENVO:01000326)
tara_S0053	2010-04-04	B	TARA_042	dcm	80	6	73.901	indian	27.9561	35.044342	22.474092	132.77885	0.24439024390243905	2.666829268292683	0.1482926829268293	0.7229268292682928	2.234136585365854e-4	1	80	1	1	3	ERR599130	2	6/19/17	TARA_20100404T0950Z_042_EVENT_PUMP_P_D_(80 m)_BACT_NUC-DNA(100L)_W0.22-1.6_TARA_B100000131	TARA_B100000131	[DCM] deep chlorophyll maximum layer (ENVO:01000326)
tara_S0054	2010-04-04	A	TARA_042	surface	5	6	73.901	indian	30.12785	34.56775	21.358942	189.25475	0.07463414634146343	2.118048780487805	9.756097560975611e-4	0.021463414634146343	7.806439024390245e-5	0.349416372997262	80	0	0	3	ERR599075	2	6/19/17	TARA_20100404T0247Z_042_EVENT_PUMP_P_S_(5 m)_BACT_NUC-DNA(100L)_W0.22-1.6_TARA_B100000123	TARA_B100000123	[SRF] surface water layer (ENVO:00010504)
tara_S0055	2010-04-04	B	TARA_042	surface	5	6	73.901	indian	30.12785	34.56775	21.358942	189.25475	0.07463414634146343	2.118048780487805	9.756097560975611e-4	0.021463414634146343	7.806439024390245e-5	0.349416372997262	80	0	0	3	ERR599141	2	6/19/17	TARA_20100404T0247Z_042_EVENT_PUMP_P_S_(5 m)_BACT_NUC-DNA(100L)_W0.22-1.6_TARA_B100000123	TARA_B100000123	[SRF] surface water layer (ENVO:00010504)
tara_S0056	2010-04-13	A	TARA_045	surface	5	0.003	71.643	indian	30.59345	35.0481	21.558975	185.243833	NaN	NaN	NaN	NaN	5.7076097560975615e-5	1	NA	1	1	2	ERR599045	2	6/19/17	TARA_20100413T0321Z_045_EVENT_PUMP_P_S_(5 m)_BACT_NUC-DNA(100L)_W0.22-1.6_TARA_B100000161	TARA_B100000161	[SRF] surface water layer (ENVO:00010504)
tara_S0057	2010-04-13	B	TARA_045	surface	5	0.003	71.643	indian	30.59345	35.0481	21.558975	185.243833	NaN	NaN	NaN	NaN	5.7076097560975615e-5	1	NA	1	1	2	ERR599054	2	6/19/17	TARA_20100413T0321Z_045_EVENT_PUMP_P_S_(5 m)_BACT_NUC-DNA(100L)_W0.22-1.6_TARA_B100000161	TARA_B100000161	[SRF] surface water layer (ENVO:00010504)
tara_S0058	2010-04-19	A	TARA_048	surface	5	-9.392	66.423	indian	29.818108	34.184183	21.176983	187.2575	0.0804878048780488	2.1700000000000004	0.005365853658536586	0.07292682926829269	7.52058536585366e-5	1	NA	1	1	2	ERR599019	2	6/19/17	TARA_20100419T0756Z_048_EVENT_PUMP_P_S_(5 m)_BACT_NUC-DNA(100L)_W0.22-1.6_TARA_B100000242	TARA_B100000242	[SRF] surface water layer (ENVO:00010504)
tara_S0059	2010-04-19	B	TARA_048	surface	5	-9.392	66.423	indian	29.818108	34.184183	21.176983	187.2575	0.0804878048780488	2.1700000000000004	0.005365853658536586	0.07292682926829269	7.52058536585366e-5	1	NA	1	1	2	ERR599138	2	6/19/17	TARA_20100419T0756Z_048_EVENT_PUMP_P_S_(5 m)_BACT_NUC-DNA(100L)_W0.22-1.6_TARA_B100000242	TARA_B100000242	[SRF] surface water layer (ENVO:00010504)
tara_S0060	2010-05-17	A	TARA_052	dcm	75	-16.955	53.97	indian	25.212642	34.896833	23.203642	192.55925	0.15512195121951222	2.7551219512195124	0.031219512195121955	0.45609756097560983	2.228429268292683e-4	1	75	1	1	3	ERR599002	2	6/19/17	TARA_20100517T1142Z_052_EVENT_PUMP_P_D_(75 m)_BACT_NUC-RNA(10L-or-10min)_W0.22-1.6_TARA_B100000214	TARA_B100000214	[DCM] deep chlorophyll maximum layer (ENVO:01000326)
tara_S0061	2010-05-17	B	TARA_052	dcm	75	-16.955	53.97	indian	25.212642	34.896833	23.203642	192.55925	0.15512195121951222	2.7551219512195124	0.031219512195121955	0.45609756097560983	2.228429268292683e-4	1	75	1	1	3	ERR599016	2	6/19/17	TARA_20100517T1142Z_052_EVENT_PUMP_P_D_(75 m)_BACT_NUC-RNA(10L-or-10min)_W0.22-1.6_TARA_B100000214	TARA_B100000214	[DCM] deep chlorophyll maximum layer (ENVO:01000326)
tara_S0062	2010-05-17	A	TARA_052	surface	5	-16.955	53.97	indian	27.956483	34.54545	22.067625	191.68	0.11609756097560976	2.6009756097560977	0	0	1.3102926829268295e-4	0.5879893526666492	75	1	0	3	ERR599098	2	6/19/17	TARA_20100517T0410Z_052_EVENT_PUMP_P_S_(5 m)_BACT_NUC-RNA(10L-or-10min)_W0.22-1.6_TARA_B100000212	TARA_B100000212	[SRF] surface water layer (ENVO:00010504)
tara_S0063	2010-05-17	B	TARA_052	surface	5	-16.955	53.97	indian	27.956483	34.54545	22.067625	191.68	0.11609756097560976	2.6009756097560977	0	0	1.3102926829268295e-4	0.5879893526666492	75	1	0	3	ERR599139	2	6/19/17	TARA_20100517T0410Z_052_EVENT_PUMP_P_S_(5 m)_BACT_NUC-RNA(10L-or-10min)_W0.22-1.6_TARA_B100000212	TARA_B100000212	[SRF] surface water layer (ENVO:00010504)
tara_S0064	2010-06-26	A	TARA_056	surface	5	-15.34	43.296	indian	27.296125	35.0302	22.646025	193.05775	0	2.7435239024390246	0.015650731707317074	0	9.629365853658538e-5	1	NA	1	1	4	ERR599057	2	6/19/17	TARA_20100626T0705Z_056_EVENT_PUMP_P_S_(5 m)_BACT_NUC-DNA(100L)_W0.22-3_TARA_B000000609	TARA_B000000609	[SRF] surface water layer (ENVO:00010504)
tara_S0065	2010-06-27	A	TARA_057	surface	5	-17.025	42.74	indian	26.553475	35.124517	22.953567	190.05375	NaN	NaN	NaN	NaN	1.3716292682926828e-4	1	NA	1	1	1	ERR599058	2	6/19/17	TARA_20100627T1205Z_057_EVENT_PUMP_P_S_(5 m)_BACT_NUC-DNA(100L)_W0.22-3_TARA_B000000565	TARA_B000000565	[SRF] surface water layer (ENVO:00010504)
tara_S0066	2010-06-29	A	TARA_058	dcm	66	-17.285	42.287	indian	25.113925	35.162694	23.430525	185.01	0	2.452490731707317	0.024757073170731708	0.06153365853658537	1.9252975609756098e-4	1	66	1	1	3	ERR599026	2	6/19/17	TARA_20100629T1500Z_058_EVENT_PUMP_P_D_(66 m)_BACT_NUC-DNA(100L)_W0.22-3_TARA_B000000557	TARA_B000000557	[DCM] deep chlorophyll maximum layer (ENVO:01000326)
tara_S0067	2010-07-03	A	TARA_062	surface	5	-22.337	40.341	indian	NA	NA	NA	199.895917	NaN	NaN	NaN	NaN	NA	NA	NA	NA	NA	3	ERR599012	2	6/19/17	TARA_20100703T0809Z_062_EVENT_PUMP_P_S_(5 m)_BACT_NUC-DNA(100L)_W0.22-3_TARA_B000000532	TARA_B000000532	[SRF] surface water layer (ENVO:00010504)
tara_S0068	2010-07-08	A	TARA_064	dcm	65	-29.514	37.953	indian	22.215305	35.346195	24.424005	207.446227	0.08121951219512197	1.6931707317073172	0.008536585365853661	NaN	1.182468292682927e-4	0.886868524263888	65	1	0	2	ERR598972	2	6/19/17	TARA_20100708T0621Z_064_EVENT_PUMP_P_D_(65 m)_BACT_NUC-DNA(100L)_W0.22-3_TARA_B100000405	TARA_B100000405	[DCM] deep chlorophyll maximum layer (ENVO:01000326)
tara_S0069	2010-07-08	B	TARA_064	dcm	65	-29.514	37.953	indian	22.215305	35.346195	24.424005	207.446227	0.08121951219512197	1.6931707317073172	0.008536585365853661	NaN	1.182468292682927e-4	0.886868524263888	65	1	0	2	ERR599023	2	6/19/17	TARA_20100708T0621Z_064_EVENT_PUMP_P_D_(65 m)_BACT_NUC-DNA(100L)_W0.22-3_TARA_B100000405	TARA_B100000405	[DCM] deep chlorophyll maximum layer (ENVO:01000326)
tara_S0070	2010-07-08	C	TARA_064	dcm	65	-29.514	37.953	indian	22.215305	35.346195	24.424005	207.446227	0.08121951219512197	1.6931707317073172	0.008536585365853661	NaN	1.182468292682927e-4	0.886868524263888	65	1	0	2	ERR599025	2	6/19/17	TARA_20100708T0621Z_064_EVENT_PUMP_P_D_(65 m)_BACT_NUC-DNA(100L)_W0.22-3_TARA_B100000405	TARA_B100000405	[DCM] deep chlorophyll maximum layer (ENVO:01000326)
tara_S0071	2010-07-07	A	TARA_064	surface	5	-29.514	37.953	indian	22.2414	35.32467	24.39702	210.00775	0.08195121951219514	1.7234146341463417	0.0039024390243902443	0	1.333307317073171e-4	1	65	1	1	2	ERR598970	2	6/19/17	TARA_20100707T0448Z_064_EVENT_PUMP_P_S_(5 m)_BACT_NUC-DNA(100L)_W0.22-3_TARA_B100000401	TARA_B100000401	[SRF] surface water layer (ENVO:00010504)
tara_S0072	2010-07-07	B	TARA_064	surface	5	-29.514	37.953	indian	22.2414	35.32467	24.39702	210.00775	0.08195121951219514	1.7234146341463417	0.0039024390243902443	0	1.333307317073171e-4	1	65	1	1	2	ERR599088	2	6/19/17	TARA_20100707T0448Z_064_EVENT_PUMP_P_S_(5 m)_BACT_NUC-DNA(100L)_W0.22-3_TARA_B100000401	TARA_B100000401	[SRF] surface water layer (ENVO:00010504)
tara_S0073	2010-07-07	C	TARA_064	surface	5	-29.514	37.953	indian	22.2414	35.32467	24.39702	210.00775	0.08195121951219514	1.7234146341463417	0.0039024390243902443	0	1.333307317073171e-4	1	65	1	1	2	ERR599150	2	6/19/17	TARA_20100707T0448Z_064_EVENT_PUMP_P_S_(5 m)_BACT_NUC-DNA(100L)_W0.22-3_TARA_B100000401	TARA_B100000401	[SRF] surface water layer (ENVO:00010504)
tara_S0074	2010-07-12	A	TARA_065	dcm	30	-35.207	26.296	indian	21.72823	35.451512	24.64465	206.43725	NaN	NaN	NaN	NaN	1.733180487804878e-4	1	30	1	1	2	ERR598990	2	6/19/17	TARA_20100712T1106Z_065_Combined-EVENTS_CAST_MB_D_(30 m)_BACT_NUC-DNA(100L)_W0.22-3_TARA_B000000441	TARA_B000000441	[DCM] deep chlorophyll maximum layer (ENVO:01000326)
tara_S0075	2010-07-12	B	TARA_065	dcm	30	-35.207	26.296	indian	21.72823	35.451512	24.64465	206.43725	NaN	NaN	NaN	NaN	1.733180487804878e-4	1	30	1	1	2	ERR599018	2	6/19/17	TARA_20100712T1106Z_065_Combined-EVENTS_CAST_MB_D_(30 m)_BACT_NUC-DNA(100L)_W0.22-3_TARA_B000000441	TARA_B000000441	[DCM] deep chlorophyll maximum layer (ENVO:01000326)
tara_S0076	2010-07-12	C	TARA_065	dcm	30	-35.207	26.296	indian	21.72823	35.451512	24.64465	206.43725	NaN	NaN	NaN	NaN	1.733180487804878e-4	1	30	1	1	2	ERR599110	2	6/19/17	TARA_20100712T1106Z_065_Combined-EVENTS_CAST_MB_D_(30 m)_BACT_NUC-DNA(100L)_W0.22-3_TARA_B000000441	TARA_B000000441	[DCM] deep chlorophyll maximum layer (ENVO:01000326)
tara_S0077	2010-07-12	A	TARA_065	surface	5	-35.207	26.296	indian	21.76357	35.449638	24.629613	207.0439	NaN	NaN	NaN	NaN	1.7217463414634149e-4	0.9934027953684472	30	1	1	2	ERR598979	2	6/19/17	TARA_20100712T0559Z_065_EVENT_PUMP_P_S_(5 m)_BACT_NUC-DNA(100L)_W0.22-3_TARA_B000000437	TARA_B000000437	[SRF] surface water layer (ENVO:00010504)
tara_S0078	2010-07-12	B	TARA_065	surface	5	-35.207	26.296	indian	21.76357	35.449638	24.629613	207.0439	NaN	NaN	NaN	NaN	1.7217463414634149e-4	0.9934027953684472	30	1	1	2	ERR599146	2	6/19/17	TARA_20100712T0559Z_065_EVENT_PUMP_P_S_(5 m)_BACT_NUC-DNA(100L)_W0.22-3_TARA_B000000437	TARA_B000000437	[SRF] surface water layer (ENVO:00010504)
tara_S0079	2010-07-15	A	TARA_066	dcm	30	-34.923	17.97	south atlantic	15.014	35.32305	26.21755	240.4135	0.341219512195122	2.5263414634146346	0.27707317073170734	3.229146341463415	2.1625951219512196e-4	1	30	1	1	2	ERR598982	2	6/19/17	TARA_20100715T1539Z_066_Combined-EVENTS_CAST_MB_D_(30 m)_BACT_NUC-DNA(100L)_W0.22-3_TARA_B000000477	TARA_B000000477	[DCM] deep chlorophyll maximum layer (ENVO:01000326)
tara_S0080	2010-07-15	B	TARA_066	dcm	30	-34.923	17.97	south atlantic	15.014	35.32305	26.21755	240.4135	0.341219512195122	2.5263414634146346	0.27707317073170734	3.229146341463415	2.1625951219512196e-4	1	30	1	1	2	ERR599107	2	6/19/17	TARA_20100715T1539Z_066_Combined-EVENTS_CAST_MB_D_(30 m)_BACT_NUC-DNA(100L)_W0.22-3_TARA_B000000477	TARA_B000000477	[DCM] deep chlorophyll maximum layer (ENVO:01000326)
tara_S0081	2010-07-15	A	TARA_066	surface	5	-34.923	17.97	south atlantic	15.013362	35.3233	26.2141	238.916333	0.3346341463414635	2.6765853658536587	0.29512195121951224	3.258536585365854	2.1625951219512196e-4	1	30	1	1	2	ERR598973	2	6/19/17	TARA_20100715T1222Z_066_EVENT_PUMP_P_S_(5 m)_BACT_NUC-DNA(100L)_W0.22-3_TARA_B000000475	TARA_B000000475	[SRF] surface water layer (ENVO:00010504)
tara_S0082	2010-07-15	B	TARA_066	surface	5	-34.923	17.97	south atlantic	15.013362	35.3233	26.2141	238.916333	0.3346341463414635	2.6765853658536587	0.29512195121951224	3.258536585365854	2.1625951219512196e-4	1	30	1	1	2	ERR599068	2	6/19/17	TARA_20100715T1222Z_066_EVENT_PUMP_P_S_(5 m)_BACT_NUC-DNA(100L)_W0.22-3_TARA_B000000475	TARA_B000000475	[SRF] surface water layer (ENVO:00010504)
tara_S0083	2010-07-15	C	TARA_066	surface	5	-34.923	17.97	south atlantic	15.013362	35.3233	26.2141	238.916333	0.3346341463414635	2.6765853658536587	0.29512195121951224	3.258536585365854	2.1625951219512196e-4	1	30	1	1	2	ERR599173	2	6/19/17	TARA_20100715T1222Z_066_EVENT_PUMP_P_S_(5 m)_BACT_NUC-DNA(100L)_W0.22-3_TARA_B000000475	TARA_B000000475	[SRF] surface water layer (ENVO:00010504)
tara_S0084	2010-09-07	A	TARA_067	surface	5	-32.24	17.71	south atlantic	13.04322	34.870735	26.28407	249.351417	NaN	NaN	NaN	NaN	7.465580487804878e-4	1	NA	1	1	1	ERR598994	2	6/19/17	TARA_20100907T0619Z_067_EVENT_PUMP_P_S_(5 m)_BACT_NUC-DNA(100L)_W0.22-3_TARA_B100000497	TARA_B100000497	[SRF] surface water layer (ENVO:00010504)
tara_S0085	2010-09-07	B	TARA_067	surface	5	-32.24	17.71	south atlantic	13.04322	34.870735	26.28407	249.351417	NaN	NaN	NaN	NaN	7.465580487804878e-4	1	NA	1	1	1	ERR599144	2	6/19/17	TARA_20100907T0619Z_067_EVENT_PUMP_P_S_(5 m)_BACT_NUC-DNA(100L)_W0.22-3_TARA_B100000497	TARA_B100000497	[SRF] surface water layer (ENVO:00010504)
tara_S0086	2010-09-14	A	TARA_068	dcm	50	-31.025	4.672	south atlantic	16.74878	35.68407	26.101325	231.683361	0.22146341463414637	2.376585365853659	0.2780487804878049	1.0536585365853661	3.17769756097561e-4	1	50	1	1	2	ERR599017	2	6/19/17	TARA_20100914T1330Z_068_EVENT_PUMP_P_D_(50 m)_BACT_NUC-DNA(100L)_W0.22-3_TARA_B100000482	TARA_B100000482	[DCM] deep chlorophyll maximum layer (ENVO:01000326)
tara_S0087	2010-09-14	B	TARA_068	dcm	50	-31.025	4.672	south atlantic	16.74878	35.68407	26.101325	231.683361	0.22146341463414637	2.376585365853659	0.2780487804878049	1.0536585365853661	3.17769756097561e-4	1	50	1	1	2	ERR599056	2	6/19/17	TARA_20100914T1330Z_068_EVENT_PUMP_P_D_(50 m)_BACT_NUC-DNA(100L)_W0.22-3_TARA_B100000482	TARA_B100000482	[DCM] deep chlorophyll maximum layer (ENVO:01000326)
tara_S0088	2010-09-14	C	TARA_068	dcm	50	-31.025	4.672	south atlantic	16.74878	35.68407	26.101325	231.683361	0.22146341463414637	2.376585365853659	0.2780487804878049	1.0536585365853661	3.17769756097561e-4	1	50	1	1	2	ERR599103	2	6/19/17	TARA_20100914T1330Z_068_EVENT_PUMP_P_D_(50 m)_BACT_NUC-DNA(100L)_W0.22-3_TARA_B100000482	TARA_B100000482	[DCM] deep chlorophyll maximum layer (ENVO:01000326)
tara_S0089	2010-09-14	A	TARA_068	surface	5	-31.025	4.672	south atlantic	16.8632	35.686585	26.07437	231.914833	0.14195121951219514	1.938048780487805	0.1960975609756098	0.9160975609756098	3.014682926829269e-4	0.9487003935968366	50	1	1	2	ERR599129	2	6/19/17	TARA_20100914T0655Z_068_EVENT_PUMP_P_S_(5 m)_BACT_NUC-DNA(100L)_W0.22-3_TARA_B100000475	TARA_B100000475	[SRF] surface water layer (ENVO:00010504)
tara_S0090	2010-09-14	B	TARA_068	surface	5	-31.025	4.672	south atlantic	16.8632	35.686585	26.07437	231.914833	0.14195121951219514	1.938048780487805	0.1960975609756098	0.9160975609756098	3.014682926829269e-4	0.9487003935968366	50	1	1	2	ERR599171	2	6/19/17	TARA_20100914T0655Z_068_EVENT_PUMP_P_S_(5 m)_BACT_NUC-DNA(100L)_W0.22-3_TARA_B100000475	TARA_B100000475	[SRF] surface water layer (ENVO:00010504)
tara_S0091	2010-09-14	C	TARA_068	surface	5	-31.025	4.672	south atlantic	16.8632	35.686585	26.07437	231.914833	0.14195121951219514	1.938048780487805	0.1960975609756098	0.9160975609756098	3.014682926829269e-4	0.9487003935968366	50	1	1	2	ERR599174	2	6/19/17	TARA_20100914T0655Z_068_EVENT_PUMP_P_S_(5 m)_BACT_NUC-DNA(100L)_W0.22-3_TARA_B100000475	TARA_B100000475	[SRF] surface water layer (ENVO:00010504)
tara_S0092	2010-09-21	A	TARA_070	surface	5	-20.408	-3.17	south atlantic	19.77001	36.35839	25.859525	215.650833	0.3014634146341464	1.1204878048780489	0.04536585365853659	0.7819512195121952	1.1460097560975612e-4	1	NA	1	1	2	ERR599135	2	6/19/17	TARA_20100921T0655Z_070_EVENT_PUMP_P_S_(5 m)_BACT_NUC-DNA(100L)_W0.22-3_TARA_B100000459	TARA_B100000459	[SRF] surface water layer (ENVO:00010504)
tara_S0093	2010-09-21	B	TARA_070	surface	5	-20.408	-3.17	south atlantic	19.77001	36.35839	25.859525	215.650833	0.3014634146341464	1.1204878048780489	0.04536585365853659	0.7819512195121952	1.1460097560975612e-4	1	NA	1	1	2	ERR599165	2	6/19/17	TARA_20100921T0655Z_070_EVENT_PUMP_P_S_(5 m)_BACT_NUC-DNA(100L)_W0.22-3_TARA_B100000459	TARA_B100000459	[SRF] surface water layer (ENVO:00010504)
tara_S0094	2010-10-05	A	TARA_072	dcm	100	-8.769	-17.925	south atlantic	23.630095	36.588225	24.96531	194.428431	0.13951219512195123	1.2526829268292685	0.010731707317073172	0.042926829268292686	2.3666926829268294e-4	1	100	1	1	4	ERR599133	2	6/19/17	TARA_20101005T1535Z_072_EVENT_PUMP_P_D_(100 m)_BACT_NUC-DNA(100L)_W0.22-3_TARA_B100000427	TARA_B100000427	[DCM] deep chlorophyll maximum layer (ENVO:01000326)
tara_S0095	2010-10-05	B	TARA_072	dcm	100	-8.769	-17.925	south atlantic	23.630095	36.588225	24.96531	194.428431	0.13951219512195123	1.2526829268292685	0.010731707317073172	0.042926829268292686	2.3666926829268294e-4	1	100	1	1	4	ERR599137	2	6/19/17	TARA_20101005T1535Z_072_EVENT_PUMP_P_D_(100 m)_BACT_NUC-DNA(100L)_W0.22-3_TARA_B100000427	TARA_B100000427	[DCM] deep chlorophyll maximum layer (ENVO:01000326)
tara_S0096	2010-10-05	A	TARA_072	surface	5	-8.769	-17.925	south atlantic	25.064425	36.41678	24.393095	199.1195	0.10146341463414635	0.846829268292683	0.0029268292682926834	0.0175609756097561	1.016029268292683e-4	0.429303422291476	100	0	0	4	ERR598984	2	6/19/17	TARA_20101005T0800Z_072_EVENT_PUMP_P_S_(5 m)_BACT_NUC-DNA(100L)_W0.22-3_TARA_B100000424	TARA_B100000424	[SRF] surface water layer (ENVO:00010504)
tara_S0097	2010-10-05	B	TARA_072	surface	5	-8.769	-17.925	south atlantic	25.064425	36.41678	24.393095	199.1195	0.10146341463414635	0.846829268292683	0.0029268292682926834	0.0175609756097561	1.016029268292683e-4	0.429303422291476	100	0	0	4	ERR599105	2	6/19/17	TARA_20101005T0800Z_072_EVENT_PUMP_P_S_(5 m)_BACT_NUC-DNA(100L)_W0.22-3_TARA_B100000424	TARA_B100000424	[SRF] surface water layer (ENVO:00010504)
tara_S0098	2010-10-16	A	TARA_076	dcm	150	-20.965	-35.236	south atlantic	21.16596	36.61951	25.68731	203.814833	0.05026536585365854	0.6947473170731707	0.04649170731707317	0	1.0103219512195123e-4	1	150	1	1	4	ERR599040	2	6/19/17	TARA_20101016T1700Z_076_Combined-EVENTS_CAST_MB_D_(150 m)_BACT_NUC-DNA(100L)_W0.22-3_TARA_B100000519	TARA_B100000519	[DCM] deep chlorophyll maximum layer (ENVO:01000326)
tara_S0099	2010-10-16	B	TARA_076	dcm	150	-20.965	-35.236	south atlantic	21.16596	36.61951	25.68731	203.814833	0.05026536585365854	0.6947473170731707	0.04649170731707317	0	1.0103219512195123e-4	1	150	1	1	4	ERR599148	2	6/19/17	TARA_20101016T1700Z_076_Combined-EVENTS_CAST_MB_D_(150 m)_BACT_NUC-DNA(100L)_W0.22-3_TARA_B100000519	TARA_B100000519	[DCM] deep chlorophyll maximum layer (ENVO:01000326)
tara_S0100	2010-10-16	A	TARA_076	surface	5	-20.965	-35.236	south atlantic	23.374825	37.076575	25.40018	206.194333	0.054520000000000006	0.7943141463414635	0.0013697560975609758	0	5.376878048780488e-5	0.5321945190134997	150	1	0	4	ERR599010	2	6/19/17	TARA_20101016T0955Z_076_EVENT_PUMP_P_S_(5 m)_BACT_NUC-RNA(10L-or-10min)_W0.22-3_TARA_B100000513	TARA_B100000513	[SRF] surface water layer (ENVO:00010504)
tara_S0101	2010-10-16	B	TARA_076	surface	5	-20.965	-35.236	south atlantic	23.374825	37.076575	25.40018	206.194333	0.054520000000000006	0.7943141463414635	0.0013697560975609758	0	5.376878048780488e-5	0.5321945190134997	150	1	0	4	ERR599126	2	6/19/17	TARA_20101016T0955Z_076_EVENT_PUMP_P_S_(5 m)_BACT_NUC-RNA(10L-or-10min)_W0.22-3_TARA_B100000513	TARA_B100000513	[SRF] surface water layer (ENVO:00010504)
tara_S0102	2010-11-04	A	TARA_078	dcm	120	-30.144	-43.284	south atlantic	19.32335	36.27746	25.920365	217.140667	0	0.311219512195122	0.051707317073170736	0.10146341463414635	1.6443902439024392e-4	1	120	1	1	4	ERR599046	2	6/19/17	TARA_20101104T1816Z_078_Combined-EVENTS_CAST_MB_D_(120 m)_BACT_NUC-DNA(100L)_W0.22-3_TARA_B100000530	TARA_B100000530	[DCM] deep chlorophyll maximum layer (ENVO:01000326)
tara_S0103	2010-11-04	B	TARA_078	dcm	120	-30.144	-43.284	south atlantic	19.32335	36.27746	25.920365	217.140667	0	0.311219512195122	0.051707317073170736	0.10146341463414635	1.6443902439024392e-4	1	120	1	1	4	ERR599101	2	6/19/17	TARA_20101104T1816Z_078_Combined-EVENTS_CAST_MB_D_(120 m)_BACT_NUC-DNA(100L)_W0.22-3_TARA_B100000530	TARA_B100000530	[DCM] deep chlorophyll maximum layer (ENVO:01000326)
tara_S0104	2010-11-04	A	TARA_078	surface	5	-30.144	-43.284	south atlantic	20.07775	36.32553	25.754115	221.47475	0	0.7307317073170733	0	0.025365853658536587	6.459219512195122e-5	0.39280332245624444	120	0	0	4	ERR599006	2	6/19/17	TARA_20101104T1004Z_078_EVENT_PUMP_P_S_(5 m)_BACT_NUC-RNA(10L-or-10min)_W0.22-3_TARA_B100000524	TARA_B100000524	[SRF] surface water layer (ENVO:00010504)
tara_S0105	2010-11-04	B	TARA_078	surface	5	-30.144	-43.284	south atlantic	20.07775	36.32553	25.754115	221.47475	0	0.7307317073170733	0	0.025365853658536587	6.459219512195122e-5	0.39280332245624444	120	0	0	4	ERR599022	2	6/19/17	TARA_20101104T1004Z_078_EVENT_PUMP_P_S_(5 m)_BACT_NUC-RNA(10L-or-10min)_W0.22-3_TARA_B100000524	TARA_B100000524	[SRF] surface water layer (ENVO:00010504)
tara_S0106	2010-12-06	A	TARA_082	dcm	40	-47.194	-58.117	south atlantic	7.154875	34.05055	26.649733	306.211529	1.322926829268293	2.59609756097561	0.11560975609756098	18.073170731707318	4.94939512195122e-4	1	40	1	1	2	ERR599027	2	6/19/17	TARA_20101206T1858Z_082_EVENT_PUMP_P_D_(40 m)_BACT_NUC-RNA(10L-or-10min)_W0.22-3_TARA_B100000767	TARA_B100000767	[DCM] deep chlorophyll maximum layer (ENVO:01000326)
tara_S0107	2010-12-06	B	TARA_082	dcm	40	-47.194	-58.117	south atlantic	7.154875	34.05055	26.649733	306.211529	1.322926829268293	2.59609756097561	0.11560975609756098	18.073170731707318	4.94939512195122e-4	1	40	1	1	2	ERR599122	2	6/19/17	TARA_20101206T1858Z_082_EVENT_PUMP_P_D_(40 m)_BACT_NUC-RNA(10L-or-10min)_W0.22-3_TARA_B100000767	TARA_B100000767	[DCM] deep chlorophyll maximum layer (ENVO:01000326)
tara_S0108	2010-12-06	A	TARA_082	surface	5	-47.194	-58.117	south atlantic	7.579417	34.05025	26.589567	305.012167	1.2702439024390246	1.8975609756097562	0.14243902439024392	17.565853658536586	4.1618243902439027e-4	0.8408753570281068	40	1	0	2	ERR599009	2	6/19/17	TARA_20101206T1033Z_082_EVENT_PUMP_P_S_(5 m)_BACT_NUC-RNA(10L-or-10min)_W0.22-3_TARA_B100000768	TARA_B100000768	[SRF] surface water layer (ENVO:00010504)
tara_S0109	2010-12-06	B	TARA_082	surface	5	-47.194	-58.117	south atlantic	7.579417	34.05025	26.589567	305.012167	1.2702439024390246	1.8975609756097562	0.14243902439024392	17.565853658536586	4.1618243902439027e-4	0.8408753570281068	40	1	0	2	ERR599035	2	6/19/17	TARA_20101206T1033Z_082_EVENT_PUMP_P_S_(5 m)_BACT_NUC-RNA(10L-or-10min)_W0.22-3_TARA_B100000768	TARA_B100000768	[SRF] surface water layer (ENVO:00010504)
tara_S0110	2011-01-03	A	TARA_084	surface	5	-60.229	-60.648	southern ocean	1.9034	33.7198	26.9578	338.2982	1.6809756097560977	16.146341463414636	0.2595121951219513	24.682926829268297	2.0290634146341466e-4	1	NA	1	1	3	ERR598945	2	6/19/17	TARA_20110103T1105Z_084_EVENT_PUMP_P_S_(5 m)_BACT_NUC-RNA(10L-or-10min)_W0.22-3_TARA_B100000780	TARA_B100000780	[SRF] surface water layer (ENVO:00010504)
tara_S0111	2011-01-03	B	TARA_084	surface	5	-60.229	-60.648	southern ocean	1.9034	33.7198	26.9578	338.2982	1.6809756097560977	16.146341463414636	0.2595121951219513	24.682926829268297	2.0290634146341466e-4	1	NA	1	1	3	ERR599059	2	6/19/17	TARA_20110103T1105Z_084_EVENT_PUMP_P_S_(5 m)_BACT_NUC-RNA(10L-or-10min)_W0.22-3_TARA_B100000780	TARA_B100000780	[SRF] surface water layer (ENVO:00010504)
tara_S0112	2011-01-06	A	TARA_085	dcm	89	-62.077	-49.415	southern ocean	-0.792395	34.36258	27.6286	325.402987	2.2526829268292685	79.82439024390244	0.05853658536585366	30.243902439024392	2.824751219512195e-4	1	89	1	1	2	ERR599104	2	6/19/17	TARA_20110106T1936Z_085_Combined-EVENTS_CAST_MB_D_(90 m)_BACT_NUC-RNA(10L-or-10min)_W0.22-3_TARA_B100000795	TARA_B100000795	[DCM] deep chlorophyll maximum layer (ENVO:01000326)
tara_S0113	2011-01-06	B	TARA_085	dcm	89	-62.077	-49.415	southern ocean	-0.792395	34.36258	27.6286	325.402987	2.2526829268292685	79.82439024390244	0.05853658536585366	30.243902439024392	2.824751219512195e-4	1	89	1	1	2	ERR599121	2	6/19/17	TARA_20110106T1936Z_085_Combined-EVENTS_CAST_MB_D_(90 m)_BACT_NUC-RNA(10L-or-10min)_W0.22-3_TARA_B100000795	TARA_B100000795	[DCM] deep chlorophyll maximum layer (ENVO:01000326)
tara_S0114	2011-01-06	A	TARA_085	surface	5	-62.077	-49.415	southern ocean	0.73159	34.327465	27.52175	343.4373	2.054146341463415	78.58536585365854	0.10292682926829269	27.94146341463415	2.6975121951219514e-4	0.9549556706051386	89	1	1	2	ERR599090	2	6/19/17	TARA_20110106T1038Z_085_EVENT_PUMP_P_S_(5 m)_BACT_NUC-RNA(10L-or-10min)_W0.22-3_TARA_B100000787	TARA_B100000787	[SRF] surface water layer (ENVO:00010504)
tara_S0115	2011-01-06	B	TARA_085	surface	5	-62.077	-49.415	southern ocean	0.73159	34.327465	27.52175	343.4373	2.054146341463415	78.58536585365854	0.10292682926829269	27.94146341463415	2.6975121951219514e-4	0.9549556706051386	89	1	1	2	ERR599176	2	6/19/17	TARA_20110106T1038Z_085_EVENT_PUMP_P_S_(5 m)_BACT_NUC-RNA(10L-or-10min)_W0.22-3_TARA_B100000787	TARA_B100000787	[SRF] surface water layer (ENVO:00010504)
tara_S0116	2011-03-12	A	TARA_093	dcm	35	-33.986	-73.08	south pacific	15.376875	34.22887	25.294705	237.215	1.0607317073170732	0.4487804878048781	0.3502439024390244	6.636829268292683	4.7296e-4	1	35	1	1	2	ERR598965	2	6/19/17	TARA_20110312T1937Z_093_Combined-EVENTS_CAST_MB_D_(35 m)_BACT_NUC-DNA(100L)_W0.22-3_TARA_B100001059	TARA_B100001059	[DCM] deep chlorophyll maximum layer (ENVO:01000326)
tara_S0117	2011-03-12	A	TARA_093	surface	5	-33.986	-73.08	south pacific	18.122955	34.31598	24.71804	244.861667	0.5085365853658537	0.14097560975609758	0.038780487804878055	0.20634146341463416	3.523014634146342e-4	0.7448863823888578	35	1	0	2	ERR599064	2	6/19/17	TARA_20110312T1134Z_093_EVENT_PUMP_P_S_(5 m)_BACT_NUC-DNA(100L)_W0.22-3_TARA_B100001063	TARA_B100001063	[SRF] surface water layer (ENVO:00010504)
tara_S0118	2011-03-18	A	TARA_094	surface	5	-32.797	-87.069	south pacific	21.121575	34.682538	24.219275	219.174917	0.23658536585365855	0.10048780487804879	9.756097560975611e-4	0.028292682926829273	1.4371024390243904e-4	1	NA	1	1	2	ERR599050	2	6/19/17	TARA_20110318T1157Z_094_EVENT_PUMP_P_S_(5 m)_BACT_NUC-DNA(100L)_W0.22-3_TARA_B100001057	TARA_B100001057	[SRF] surface water layer (ENVO:00010504)
tara_S0119	2011-03-24	A	TARA_096	surface	5	-29.724	-101.16	south pacific	23.84533	35.76868	24.269535	204.13825	0.15365853658536588	0.5175609756097561	0	NaN	6.894536585365854e-5	1	NA	1	1	4	ERR598967	2	6/19/17	TARA_20110324T1300Z_096_EVENT_PUMP_P_S_(5 m)_BACT_NUC-DNA(100L)_W0.22-3_TARA_B100000989	TARA_B100000989	[SRF] surface water layer (ENVO:00010504)
tara_S0120	2011-04-03	A	TARA_098	dcm	187.5	-25.813	-111.713	south pacific	20.2127	35.86191	25.37245	210.5781	NaN	NaN	NaN	NaN	1.1267219512195122e-4	1	187.5	1	1	4	ERR599042	2	6/19/17	TARA_20110403T2150Z_098_Combined-EVENTS_CAST_MB_D_(188 m)_BACT_NUC-DNA(100L)_W0.22-3_TARA_B100001029	TARA_B100001029	[DCM] deep chlorophyll maximum layer (ENVO:01000326)
tara_S0121	2011-04-03	B	TARA_098	dcm	187.5	-25.813	-111.713	south pacific	20.2127	35.86191	25.37245	210.5781	NaN	NaN	NaN	NaN	1.1267219512195122e-4	1	187.5	1	1	4	ERR599079	2	6/19/17	TARA_20110403T2150Z_098_Combined-EVENTS_CAST_MB_D_(188 m)_BACT_NUC-DNA(100L)_W0.22-3_TARA_B100001029	TARA_B100001029	[DCM] deep chlorophyll maximum layer (ENVO:01000326)
tara_S0122	2011-04-03	A	TARA_098	surface	5	-25.813	-111.713	south pacific	25.18103	36.40163	24.346275	200.538167	0.17707317073170734	0.3764634146341464	5.492682926829269e-4	0.05	5.9033170731707325e-5	0.5239373446821776	187.5	1	0	4	ERR599093	2	6/19/17	TARA_20110403T1344Z_098_EVENT_PUMP_P_S_(5 m)_BACT_NUC-DNA(100L)_W0.22-3_TARA_B100001027	TARA_B100001027	[SRF] surface water layer (ENVO:00010504)
tara_S0123	2011-04-03	B	TARA_098	surface	5	-25.813	-111.713	south pacific	25.18103	36.40163	24.346275	200.538167	0.17707317073170734	0.3764634146341464	5.492682926829269e-4	0.05	5.9033170731707325e-5	0.5239373446821776	187.5	1	0	4	ERR599120	2	6/19/17	TARA_20110403T1344Z_098_EVENT_PUMP_P_S_(5 m)_BACT_NUC-DNA(100L)_W0.22-3_TARA_B100001027	TARA_B100001027	[SRF] surface water layer (ENVO:00010504)
tara_S0124	2011-04-09	A	TARA_099	surface	5	-21.146	-104.787	south pacific	23.88925	36.1376	24.5391	203.995417	0.2902439024390244	0.5443902439024392	0.005853658536585367	0.030731707317073174	8.918536585365853e-5	1	NA	1	1	4	ERR599024	2	6/19/17	TARA_20110409T1356Z_099_EVENT_PUMP_P_S_(5 m)_BACT_NUC-DNA(100L)_W0.22-3_TARA_B100000886	TARA_B100000886	[SRF] surface water layer (ENVO:00010504)
tara_S0125	2011-04-15	A	TARA_100	dcm	50	-12.986	-96.003	south pacific	22.596675	35.64227	24.5284	216.790338	0.7595121951219512	1.835609756097561	0.15951219512195125	5.5165853658536586	2.51889756097561e-4	1	50	1	1	2	ERR599081	2	6/19/17	TARA_20110415T1938Z_100_EVENT_PUMP_P_D_(50 m)_BACT_NUC-RNA(10L-or-10min)_W0.22-3_TARA_B100000965	TARA_B100000965	[DCM] deep chlorophyll maximum layer (ENVO:01000326)
tara_S0126	2011-04-15	B	TARA_100	dcm	50	-12.986	-96.003	south pacific	22.596675	35.64227	24.5284	216.790338	0.7595121951219512	1.835609756097561	0.15951219512195125	5.5165853658536586	2.51889756097561e-4	1	50	1	1	2	ERR599113	2	6/19/17	TARA_20110415T1938Z_100_EVENT_PUMP_P_D_(50 m)_BACT_NUC-RNA(10L-or-10min)_W0.22-3_TARA_B100000965	TARA_B100000965	[DCM] deep chlorophyll maximum layer (ENVO:01000326)
tara_S0127	2011-04-16	A	TARA_100	dcm	177	-12.986	-96.003	south pacific	12.806365	34.82775	26.3033	0.70843	2.6212195121951223	20.39170731707317	0.1278048780487805	22.683902439024394	1.880878048780488e-5	0.07467068442640411	177	0	0	2	ERR598946	2	6/19/17	TARA_20110416T1306Z_100_Combined-EVENTS_CAST_MB_M_(177 m)_BACT_NUC-RNA(10L-or-10min)_W0.22-3_TARA_B100000959	TARA_B100000959	[DCM] deep chlorophyll maximum layer (ENVO:01000326)
tara_S0128	2011-04-16	B	TARA_100	dcm	177	-12.986	-96.003	south pacific	12.806365	34.82775	26.3033	0.70843	2.6212195121951223	20.39170731707317	0.1278048780487805	22.683902439024394	1.880878048780488e-5	0.07467068442640411	177	0	0	2	ERR598953	2	6/19/17	TARA_20110416T1306Z_100_Combined-EVENTS_CAST_MB_M_(177 m)_BACT_NUC-RNA(10L-or-10min)_W0.22-3_TARA_B100000959	TARA_B100000959	[DCM] deep chlorophyll maximum layer (ENVO:01000326)
tara_S0129	2011-04-16	C	TARA_100	dcm	177	-12.986	-96.003	south pacific	12.806365	34.82775	26.3033	0.70843	2.6212195121951223	20.39170731707317	0.1278048780487805	22.683902439024394	1.880878048780488e-5	0.07467068442640411	177	0	0	2	ERR598981	2	6/19/17	TARA_20110416T1306Z_100_Combined-EVENTS_CAST_MB_M_(177 m)_BACT_NUC-RNA(10L-or-10min)_W0.22-3_TARA_B100000959	TARA_B100000959	[DCM] deep chlorophyll maximum layer (ENVO:01000326)
tara_S0130	2011-04-15	A	TARA_100	surface	5	-12.986	-96.003	south pacific	25.349495	35.82876	23.86109	200.233917	0.6607317073170732	1.1221951219512196	0.1336585365853659	6.01219512195122	2.2212e-4	0.8818143438670419	177	1	0	2	ERR599063	2	6/19/17	TARA_20110415T1245Z_100_EVENT_PUMP_P_S_(5 m)_BACT_NUC-RNA(10L-or-10min)_W0.22-3_TARA_B100000963	TARA_B100000963	[SRF] surface water layer (ENVO:00010504)
tara_S0131	2011-04-15	B	TARA_100	surface	5	-12.986	-96.003	south pacific	25.349495	35.82876	23.86109	200.233917	0.6607317073170732	1.1221951219512196	0.1336585365853659	6.01219512195122	2.2212e-4	0.8818143438670419	177	1	0	2	ERR599163	2	6/19/17	TARA_20110415T1245Z_100_EVENT_PUMP_P_S_(5 m)_BACT_NUC-RNA(10L-or-10min)_W0.22-3_TARA_B100000963	TARA_B100000963	[SRF] surface water layer (ENVO:00010504)
tara_S0132	2011-04-15	C	TARA_100	surface	5	-12.986	-96.003	south pacific	25.349495	35.82876	23.86109	200.233917	0.6607317073170732	1.1221951219512196	0.1336585365853659	6.01219512195122	2.2212e-4	0.8818143438670419	177	1	0	2	ERR599169	2	6/19/17	TARA_20110415T1245Z_100_EVENT_PUMP_P_S_(5 m)_BACT_NUC-RNA(10L-or-10min)_W0.22-3_TARA_B100000963	TARA_B100000963	[SRF] surface water layer (ENVO:00010504)
tara_S0133	2011-04-22	A	TARA_102	dcm	40	-5.261	-85.204	south pacific	19.781235	34.884385	24.729155	103.916711	1.8160975609756098	10.24829268292683	1.1726829268292684	23.770243902439027	3.563307317073171e-4	1	40	1	1	2	ERR598962	2	6/19/17	TARA_20110422T2113Z_102_EVENT_PUMP_P_D_(40 m)_BACT_NUC-RNA(10L-or-10min)_W0.22-3_TARA_B100000902	TARA_B100000902	[DCM] deep chlorophyll maximum layer (ENVO:01000326)
tara_S0134	2011-04-22	B	TARA_102	dcm	40	-5.261	-85.204	south pacific	19.781235	34.884385	24.729155	103.916711	1.8160975609756098	10.24829268292683	1.1726829268292684	23.770243902439027	3.563307317073171e-4	1	40	1	1	2	ERR599007	2	6/19/17	TARA_20110422T2113Z_102_EVENT_PUMP_P_D_(40 m)_BACT_NUC-RNA(10L-or-10min)_W0.22-3_TARA_B100000902	TARA_B100000902	[DCM] deep chlorophyll maximum layer (ENVO:01000326)
tara_S0135	2011-04-22	C	TARA_102	dcm	40	-5.261	-85.204	south pacific	19.781235	34.884385	24.729155	103.916711	1.8160975609756098	10.24829268292683	1.1726829268292684	23.770243902439027	3.563307317073171e-4	1	40	1	1	2	ERR599168	2	6/19/17	TARA_20110422T2113Z_102_EVENT_PUMP_P_D_(40 m)_BACT_NUC-RNA(10L-or-10min)_W0.22-3_TARA_B100000902	TARA_B100000902	[DCM] deep chlorophyll maximum layer (ENVO:01000326)
tara_S0136	2011-04-21	A	TARA_102	surface	5	-5.261	-85.204	south pacific	24.958885	34.764535	23.176695	205.992583	1.0007317073170732	4.9212195121951225	0.32048780487804884	12.509756097560976	2.5796000000000006e-4	0.7239341910365542	40	1	0	2	ERR598943	2	6/19/17	TARA_20110421T2007Z_102_EVENT_PUMP_P_S_(5 m)_BACT_NUC-RNA(10L-or-10min)_W0.22-3_TARA_B100000900	TARA_B100000900	[SRF] surface water layer (ENVO:00010504)
tara_S0137	2011-04-21	B	TARA_102	surface	5	-5.261	-85.204	south pacific	24.958885	34.764535	23.176695	205.992583	1.0007317073170732	4.9212195121951225	0.32048780487804884	12.509756097560976	2.5796000000000006e-4	0.7239341910365542	40	1	0	2	ERR598978	2	6/19/17	TARA_20110421T2007Z_102_EVENT_PUMP_P_S_(5 m)_BACT_NUC-RNA(10L-or-10min)_W0.22-3_TARA_B100000900	TARA_B100000900	[SRF] surface water layer (ENVO:00010504)
tara_S0138	2011-05-12	A	TARA_109	dcm	30	2.029	-84.561	south pacific	26.019185	34.475915	22.63355	203.127654	0.49243902439024395	3.1463414634146347	0.10829268292682928	4.524878048780488	3.2166243902439026e-4	1	30	1	1	2	ERR598952	2	6/19/17	TARA_20110512T2215Z_109_EVENT_PUMP_P_D_(30 m)_BACT_NUC-RNA(10L-or-10min)_W0.22-3_TARA_B100000927	TARA_B100000927	[DCM] deep chlorophyll maximum layer (ENVO:01000326)
tara_S0139	2011-05-12	B	TARA_109	dcm	30	2.029	-84.561	south pacific	26.019185	34.475915	22.63355	203.127654	0.49243902439024395	3.1463414634146347	0.10829268292682928	4.524878048780488	3.2166243902439026e-4	1	30	1	1	2	ERR599065	2	6/19/17	TARA_20110512T2215Z_109_EVENT_PUMP_P_D_(30 m)_BACT_NUC-RNA(10L-or-10min)_W0.22-3_TARA_B100000927	TARA_B100000927	[DCM] deep chlorophyll maximum layer (ENVO:01000326)
tara_S0140	2011-05-12	C	TARA_109	dcm	30	2.029	-84.561	south pacific	26.019185	34.475915	22.63355	203.127654	0.49243902439024395	3.1463414634146347	0.10829268292682928	4.524878048780488	3.2166243902439026e-4	1	30	1	1	2	ERR599108	2	6/19/17	TARA_20110512T2215Z_109_EVENT_PUMP_P_D_(30 m)_BACT_NUC-RNA(10L-or-10min)_W0.22-3_TARA_B100000927	TARA_B100000927	[DCM] deep chlorophyll maximum layer (ENVO:01000326)
tara_S0141	2011-05-12	A	TARA_109	surface	5	2.029	-84.561	south pacific	27.497475	33.472445	21.408655	198.635833	0.27951219512195125	1.666829268292683	0.04439024390243903	0.8717073170731707	2.653746341463415e-4	0.8250097056753937	30	1	0	2	ERR598997	2	6/19/17	TARA_20110512T1400Z_109_EVENT_PUMP_P_S_(5 m)_BACT_NUC-RNA(10L-or-10min)_W0.22-3_TARA_B100000925	TARA_B100000925	[SRF] surface water layer (ENVO:00010504)
tara_S0142	2011-05-12	B	TARA_109	surface	5	2.029	-84.561	south pacific	27.497475	33.472445	21.408655	198.635833	0.27951219512195125	1.666829268292683	0.04439024390243903	0.8717073170731707	2.653746341463415e-4	0.8250097056753937	30	1	0	2	ERR599118	2	6/19/17	TARA_20110512T1400Z_109_EVENT_PUMP_P_S_(5 m)_BACT_NUC-RNA(10L-or-10min)_W0.22-3_TARA_B100000925	TARA_B100000925	[SRF] surface water layer (ENVO:00010504)
tara_S0143	2011-05-21	A	TARA_110	dcm	50	-1.935	-84.61	south pacific	22.039785	35.112815	24.318245	144.633667	0.906829268292683	5.275121951219512	0.40390243902439027	10.440000000000001	2.7515219512195123e-4	1	50	1	1	2	ERR599014	2	6/19/17	TARA_20110521T2100Z_110_EVENT_PUMP_P_D_(50 m)_BACT_NUC-DNA(100L)_W0.22-3_TARA_B100001113	TARA_B100001113	[DCM] deep chlorophyll maximum layer (ENVO:01000326)
tara_S0144	2011-05-21	A	TARA_110	surface	5	-1.935	-84.61	south pacific	23.88816	35.012435	23.68419	190.816333	0.7539024390243904	3.7692682926829275	0.31146341463414634	8.084878048780489	2.401707317073171e-4	0.872865039658761	50	1	0	2	ERR599039	2	6/19/17	TARA_20110521T1227Z_110_EVENT_PUMP_P_S_(5 m)_BACT_NUC-DNA(100L)_W0.22-3_TARA_B100001109	TARA_B100001109	[SRF] surface water layer (ENVO:00010504)
tara_S0145	2011-05-31	A	TARA_111	dcm	90.5	-16.956	-100.66	south pacific	19.783275	35.69581	25.354365	211.54555	0.43219512195121956	0.9058536585365854	0.19804878048780492	1.191707317073171	2.0284000000000003e-4	1	90.5	1	1	3	ERR598961	2	6/19/17	TARA_20110531T2030Z_111_Combined-EVENTS_CAST_MB_D_(90 m)_BACT_NUC-RNA(10L-or-10min)_W0.22-3_TARA_B100000579	TARA_B100000579	[DCM] deep chlorophyll maximum layer (ENVO:01000326)
tara_S0146	2011-05-31	A	TARA_111	surface	5	-16.956	-100.66	south pacific	22.78183	35.98269	24.742485	208.8654	0.48780487804878053	1.0073170731707317	0.04048780487804879	2.6107317073170737	1.5121853658536588e-4	0.7455064907580647	90.5	1	0	3	ERR599077	2	6/19/17	TARA_20110531T1425Z_111_EVENT_PUMP_P_S_(5 m)_BACT_NUC-RNA(10L-or-10min)_W0.22-3_TARA_B100000575	TARA_B100000575	[SRF] surface water layer (ENVO:00010504)
tara_S0147	2011-06-15	A	TARA_112	dcm	155.5	-23.241	-129.498	south pacific	21.94937	35.90434	24.927695	207.089325	0.11170731707317075	0.6765853658536586	0.013658536585365855	0.04073170731707318	1.418868292682927e-4	1	155.5	1	1	4	ERR598957	2	6/19/17	TARA_20110615T0059Z_112_Combined-EVENTS_CAST_MB_D_(155 m)_BACT_NUC-DNA(100L)_W0.22-3_TARA_B100000945	TARA_B100000945	[DCM] deep chlorophyll maximum layer (ENVO:01000326)
tara_S0148	2011-06-14	A	TARA_112	surface	5	-23.241	-129.498	south pacific	24.26287	36.43917	24.65312	202.174583	0.13878048780487806	0.7243902439024391	0.007317073170731708	0.02463414634146342	5.403121951219513e-5	0.380805038711718	155.5	0	0	4	ERR598954	2	6/19/17	TARA_20110614T1645Z_112_EVENT_PUMP_P_S_(5 m)_BACT_NUC-DNA(100L)_W0.22-3_TARA_B100000941	TARA_B100000941	[SRF] surface water layer (ENVO:00010504)
tara_S0149	2011-07-28	A	TARA_122	dcm	115	-8.982	-139.215	south pacific	24.661385	36.101175	24.284300000000002	179.916875	0.5687151219512196	1.860528780487805	0.09052878048780488	2.6124390243902442	1.950107317073171e-4	1	115	1	1	4	ERR598948	2	6/19/17	TARA_20110728T1718Z_122_Combined-EVENTS_CAST_MB_D_(115 m)_BACT_NUC-RNA(10L-or-10min)_W0.22-3_TARA_B100000700	TARA_B100000700	[DCM] deep chlorophyll maximum layer (ENVO:01000326)
tara_S0150	2011-07-26	A	TARA_122	surface	5	-8.982	-139.215	south pacific	26.60467	35.37032	23.122935	186.2407	0.5540975609756098	2.1370731707317074	0.11634146341463415	5.322926829268294	1.7281658536585364e-4	0.8861901283731726	115	1	0	4	ERR598992	2	6/19/17	TARA_20110726T1710Z_122_EVENT_PUMP_P_S_(5 m)_BACT_NUC-RNA(10L-or-10min)_W0.22-3_TARA_B100001115	TARA_B100001115	[SRF] surface water layer (ENVO:00010504)
tara_S0151	2011-08-01	A	TARA_123	mixed.layer	150	-8.91	-140.284	south pacific	21.97372	35.877315	24.895825	161.3185	0.6445853658536586	1.154878048780488	1.4329268292682928	5.309024390243903	0	0	NA	0	0	2	ERR598956	2	6/19/17	TARA_20110801T1755Z_123_Combined-EVENTS_CAST_MB_X_(150 m)_BACT_NUC-RNA(10L-or-10min)_W0.22-3_TARA_B100000686	TARA_B100000686	[MIX] marine epipelagic wind mixed layer (ENVO:01000061)
tara_S0152	2011-08-01	B	TARA_123	mixed.layer	150	-8.91	-140.284	south pacific	21.97372	35.877315	24.895825	161.3185	0.6445853658536586	1.154878048780488	1.4329268292682928	5.309024390243903	0	0	NA	0	0	2	ERR598998	2	6/19/17	TARA_20110801T1755Z_123_Combined-EVENTS_CAST_MB_X_(150 m)_BACT_NUC-RNA(10L-or-10min)_W0.22-3_TARA_B100000686	TARA_B100000686	[MIX] marine epipelagic wind mixed layer (ENVO:01000061)
tara_S0153	2011-08-01	C	TARA_123	mixed.layer	150	-8.91	-140.284	south pacific	21.97372	35.877315	24.895825	161.3185	0.6445853658536586	1.154878048780488	1.4329268292682928	5.309024390243903	0	0	NA	0	0	2	ERR599117	2	6/19/17	TARA_20110801T1755Z_123_Combined-EVENTS_CAST_MB_X_(150 m)_BACT_NUC-RNA(10L-or-10min)_W0.22-3_TARA_B100000686	TARA_B100000686	[MIX] marine epipelagic wind mixed layer (ENVO:01000061)
tara_S0154	2011-08-01	D	TARA_123	mixed.layer	150	-8.91	-140.284	south pacific	21.97372	35.877315	24.895825	161.3185	0.6445853658536586	1.154878048780488	1.4329268292682928	5.309024390243903	0	0	NA	0	0	2	ERR599157	2	6/19/17	TARA_20110801T1755Z_123_Combined-EVENTS_CAST_MB_X_(150 m)_BACT_NUC-RNA(10L-or-10min)_W0.22-3_TARA_B100000686	TARA_B100000686	[MIX] marine epipelagic wind mixed layer (ENVO:01000061)
tara_S0155	2011-07-31	A	TARA_123	surface	5	-8.91	-140.284	south pacific	26.586685	35.3551	23.11712	189.758333	0.5219024390243904	2.1663414634146343	0.14073170731707318	4.781951219512196	1.767951219512195e-4	1	NA	1	1	2	ERR599160	2	6/19/17	TARA_20110731T1720Z_123_EVENT_PUMP_P_S_(5 m)_BACT_NUC-RNA(10L-or-10min)_W0.22-3_TARA_B100000683	TARA_B100000683	[SRF] surface water layer (ENVO:00010504)
tara_S0156	2011-08-05	A	TARA_124	mixed.layer	120	-9.111	-140.559	south pacific	24.81397	35.907345	24.092785	175.895625	0.47658536585365857	1.4331707317073172	0.34487804878048783	1.17	7.517170731707317e-5	0.29478424215991217	NA	0	0	2	ERR598988	2	6/19/17	TARA_20110805T1733Z_124_Combined-EVENTS_CAST_MB_X_(120 m)_BACT_NUC-RNA(10L-or-10min)_W0.22-3_TARA_B100000676	TARA_B100000676	[MIX] marine epipelagic wind mixed layer (ENVO:01000061)
tara_S0157	2011-08-05	B	TARA_124	mixed.layer	120	-9.111	-140.559	south pacific	24.81397	35.907345	24.092785	175.895625	0.47658536585365857	1.4331707317073172	0.34487804878048783	1.17	7.517170731707317e-5	0.29478424215991217	NA	0	0	2	ERR599084	2	6/19/17	TARA_20110805T1733Z_124_Combined-EVENTS_CAST_MB_X_(120 m)_BACT_NUC-RNA(10L-or-10min)_W0.22-3_TARA_B100000676	TARA_B100000676	[MIX] marine epipelagic wind mixed layer (ENVO:01000061)
tara_S0158	2011-08-05	C	TARA_124	mixed.layer	120	-9.111	-140.559	south pacific	24.81397	35.907345	24.092785	175.895625	0.47658536585365857	1.4331707317073172	0.34487804878048783	1.17	7.517170731707317e-5	0.29478424215991217	NA	0	0	2	ERR599089	2	6/19/17	TARA_20110805T1733Z_124_Combined-EVENTS_CAST_MB_X_(120 m)_BACT_NUC-RNA(10L-or-10min)_W0.22-3_TARA_B100000676	TARA_B100000676	[MIX] marine epipelagic wind mixed layer (ENVO:01000061)
tara_S0159	2011-08-05	D	TARA_124	mixed.layer	120	-9.111	-140.559	south pacific	24.81397	35.907345	24.092785	175.895625	0.47658536585365857	1.4331707317073172	0.34487804878048783	1.17	7.517170731707317e-5	0.29478424215991217	NA	0	0	2	ERR599161	2	6/19/17	TARA_20110805T1733Z_124_Combined-EVENTS_CAST_MB_X_(120 m)_BACT_NUC-RNA(10L-or-10min)_W0.22-3_TARA_B100000676	TARA_B100000676	[MIX] marine epipelagic wind mixed layer (ENVO:01000061)
tara_S0160	2011-08-04	A	TARA_124	surface	5	-9.111	-140.559	south pacific	26.572419	35.384031	23.143631	190.724	0.6148780487804878	2.4714634146341465	0.16243902439024394	6.050243902439025	2.550058536585366e-4	1	NA	1	1	2	ERR599036	2	6/19/17	TARA_20110804T1833Z_124_EVENT_PUMP_P_S_(5 m)_BACT_NUC-RNA(10L-or-10min)_W0.22-3_TARA_B100000674	TARA_B100000674	[SRF] surface water layer (ENVO:00010504)
tara_S0161	2011-08-04	B	TARA_124	surface	5	-9.111	-140.559	south pacific	26.572419	35.384031	23.143631	190.724	0.6148780487804878	2.4714634146341465	0.16243902439024394	6.050243902439025	2.550058536585366e-4	1	NA	1	1	2	ERR599069	2	6/19/17	TARA_20110804T1833Z_124_EVENT_PUMP_P_S_(5 m)_BACT_NUC-RNA(10L-or-10min)_W0.22-3_TARA_B100000674	TARA_B100000674	[SRF] surface water layer (ENVO:00010504)
tara_S0162	2011-08-04	C	TARA_124	surface	5	-9.111	-140.559	south pacific	26.572419	35.384031	23.143631	190.724	0.6148780487804878	2.4714634146341465	0.16243902439024394	6.050243902439025	2.550058536585366e-4	1	NA	1	1	2	ERR599080	2	6/19/17	TARA_20110804T1833Z_124_EVENT_PUMP_P_S_(5 m)_BACT_NUC-RNA(10L-or-10min)_W0.22-3_TARA_B100000674	TARA_B100000674	[SRF] surface water layer (ENVO:00010504)
tara_S0163	2011-08-04	D	TARA_124	surface	5	-9.111	-140.559	south pacific	26.572419	35.384031	23.143631	190.724	0.6148780487804878	2.4714634146341465	0.16243902439024394	6.050243902439025	2.550058536585366e-4	1	NA	1	1	2	ERR599151	2	6/19/17	TARA_20110804T1833Z_124_EVENT_PUMP_P_S_(5 m)_BACT_NUC-RNA(10L-or-10min)_W0.22-3_TARA_B100000674	TARA_B100000674	[SRF] surface water layer (ENVO:00010504)
tara_S0164	2011-08-09	A	TARA_125	mixed.layer	140	-8.909	-142.555	south pacific	23.681605	36.28145	24.715135	160.4895	0.5521951219512196	1.2153658536585366	0.05341463414634147	3.390487804878049	0	0	NA	0	0	2	ERR599156	2	6/19/17	TARA_20110809T1708Z_125_Combined-EVENTS_CAST_MB_X_(140 m)_BACT_NUC-RNA(10L-or-10min)_W0.22-3_TARA_B100001123	TARA_B100001123	[MIX] marine epipelagic wind mixed layer (ENVO:01000061)
tara_S0165	2011-08-08	A	TARA_125	surface	5	-8.909	-142.555	south pacific	26.80604	35.42651	23.10143	187.302833	0.5436585365853659	1.7607317073170734	0.18975609756097564	3.642439024390244	1.737287804878049e-4	1	NA	1	1	2	ERR599066	2	6/19/17	TARA_20110808T1733Z_125_EVENT_PUMP_P_S_(5 m)_BACT_NUC-RNA(10L-or-10min)_W0.22-3_TARA_B100001121	TARA_B100001121	[SRF] surface water layer (ENVO:00010504)
tara_S0166	2011-08-08	B	TARA_125	surface	5	-8.909	-142.555	south pacific	26.80604	35.42651	23.10143	187.302833	0.5436585365853659	1.7607317073170734	0.18975609756097564	3.642439024390244	1.737287804878049e-4	1	NA	1	1	2	ERR599091	2	6/19/17	TARA_20110808T1733Z_125_EVENT_PUMP_P_S_(5 m)_BACT_NUC-RNA(10L-or-10min)_W0.22-3_TARA_B100001121	TARA_B100001121	[SRF] surface water layer (ENVO:00010504)
tara_S0167	2011-08-08	C	TARA_125	surface	5	-8.909	-142.555	south pacific	26.80604	35.42651	23.10143	187.302833	0.5436585365853659	1.7607317073170734	0.18975609756097564	3.642439024390244	1.737287804878049e-4	1	NA	1	1	2	ERR599114	2	6/19/17	TARA_20110808T1733Z_125_EVENT_PUMP_P_S_(5 m)_BACT_NUC-RNA(10L-or-10min)_W0.22-3_TARA_B100001121	TARA_B100001121	[SRF] surface water layer (ENVO:00010504)
tara_S0168	2011-08-08	D	TARA_125	surface	5	-8.909	-142.555	south pacific	26.80604	35.42651	23.10143	187.302833	0.5436585365853659	1.7607317073170734	0.18975609756097564	3.642439024390244	1.737287804878049e-4	1	NA	1	1	2	ERR599119	2	6/19/17	TARA_20110808T1733Z_125_EVENT_PUMP_P_S_(5 m)_BACT_NUC-RNA(10L-or-10min)_W0.22-3_TARA_B100001121	TARA_B100001121	[SRF] surface water layer (ENVO:00010504)
tara_S0169	2011-09-05	A	TARA_128	dcm	40	0.011	-153.681	south pacific	26.139288	35.146525	23.1032	176.984778	0.5358536585365854	2.673658536585366	0.27658536585365856	5.135609756097562	2.7572682926829266e-4	1	40	1	1	2	ERR599032	2	6/19/17	TARA_20110905T1840Z_128_EVENT_PUMP_P_D_(40 m)_BACT_NUC-DNA(100L)_W0.22-3_TARA_B100000614	TARA_B100000614	[DCM] deep chlorophyll maximum layer (ENVO:01000326)
tara_S0170	2011-09-04	A	TARA_128	surface	5	0.011	-153.681	south pacific	26.218438	35.129025	23.062688	179.86	0.5265853658536586	2.602926829268293	0.2648780487804879	4.9575609756097565	2.473073170731707e-4	0.896928738235086	40	1	0	2	ERR599038	2	6/19/17	TARA_20110904T1800Z_128_EVENT_PUMP_P_S_(5 m)_BACT_NUC-DNA(100L)_W0.22-3_TARA_B100000609	TARA_B100000609	[SRF] surface water layer (ENVO:00010504)
tara_S0171	2011-10-05	A	TARA_132	dcm	115.5	31.522	-159.021	north pacific	15.321075	34.39568	25.4389	225.501338	0.12214634146341465	4.3383414634146344	0.01658536585365854	0.04585365853658537	1.5482048780487807e-4	1	115.5	1	1	4	ERR598995	2	6/19/17	TARA_20111005T0101Z_132_Combined-EVENTS_CAST_MB_D_(115 m)_BACT_NUC-DNA(100L)_W0.22-3_TARA_B100001250	TARA_B100001250	[DCM] deep chlorophyll maximum layer (ENVO:01000326)
tara_S0172	2011-10-04	A	TARA_132	surface	5	31.522	-159.021	north pacific	25.164595	35.19025	23.434915	197.682417	0.006048780487804878	2.368585365853659	0.0019512195121951222	0.009756097560975611	9.908585365853659e-5	0.6400047891814911	115.5	1	0	4	ERR599142	2	6/19/17	TARA_20111004T1746Z_132_EVENT_PUMP_P_S_(5 m)_BACT_NUC-DNA(100L)_W0.22-3_TARA_B100001248	TARA_B100001248	[SRF] surface water layer (ENVO:00010504)
tara_S0173	2011-10-19	A	TARA_133	dcm	45	35.346	-127.74	north pacific	13.874505	33.208145	24.82737	227.686042	0.4217073170731708	2.592439024390244	0.05853658536585366	0.9060975609756098	3.8020975609756103e-4	1	45	1	1	2	ERR598942	2	6/19/17	TARA_20111019T0009Z_133_EVENT_PUMP_P_D_(45 m)_BACT_NUC-DNA(100L)_W0.22-3_TARA_B100001094	TARA_B100001094	[DCM] deep chlorophyll maximum layer (ENVO:01000326)
tara_S0174	2011-10-18	A	TARA_133	surface	5	35.346	-127.74	north pacific	19.24802	33.07013	23.48431	224.407583	0.2853658536585366	1.9070731707317075	0.0019512195121951222	0.010731707317073172	1.3735121951219512e-4	0.3612511707273263	45	0	0	2	ERR599052	2	6/19/17	TARA_20111018T1535Z_133_EVENT_PUMP_P_S_(5 m)_BACT_NUC-DNA(100L)_W0.22-3_TARA_B100001093	TARA_B100001093	[SRF] surface water layer (ENVO:00010504)
tara_S0175	2011-12-02	A	TARA_137	dcm	40	14.205	-116.643	north pacific	20.58574	34.366025	24.14088	95.411833	0.862439024390244	4.547317073170731	0.2980487804878049	5.900000000000001	3.577746341463415e-4	1	40	1	1	2	ERR598987	2	6/19/17	TARA_20111202T2042Z_137_EVENT_PUMP_MB_D_(40 m)_BACT_NUC-RNA(10L-or-10min)_W0.22-3_TARA_B100001964	TARA_B100001964	[DCM] deep chlorophyll maximum layer (ENVO:01000326)
tara_S0176	2011-12-02	B	TARA_137	dcm	40	14.205	-116.643	north pacific	20.58574	34.366025	24.14088	95.411833	0.862439024390244	4.547317073170731	0.2980487804878049	5.900000000000001	3.577746341463415e-4	1	40	1	1	2	ERR599070	2	6/19/17	TARA_20111202T2042Z_137_EVENT_PUMP_MB_D_(40 m)_BACT_NUC-RNA(10L-or-10min)_W0.22-3_TARA_B100001964	TARA_B100001964	[DCM] deep chlorophyll maximum layer (ENVO:01000326)
tara_S0177	2011-12-02	C	TARA_137	dcm	40	14.205	-116.643	north pacific	20.58574	34.366025	24.14088	95.411833	0.862439024390244	4.547317073170731	0.2980487804878049	5.900000000000001	3.577746341463415e-4	1	40	1	1	2	ERR599099	2	6/19/17	TARA_20111202T2042Z_137_EVENT_PUMP_MB_D_(40 m)_BACT_NUC-RNA(10L-or-10min)_W0.22-3_TARA_B100001964	TARA_B100001964	[DCM] deep chlorophyll maximum layer (ENVO:01000326)
tara_S0178	2011-12-02	D	TARA_137	dcm	40	14.205	-116.643	north pacific	20.58574	34.366025	24.14088	95.411833	0.862439024390244	4.547317073170731	0.2980487804878049	5.900000000000001	3.577746341463415e-4	1	40	1	1	2	ERR599147	2	6/19/17	TARA_20111202T2042Z_137_EVENT_PUMP_MB_D_(40 m)_BACT_NUC-RNA(10L-or-10min)_W0.22-3_TARA_B100001964	TARA_B100001964	[DCM] deep chlorophyll maximum layer (ENVO:01000326)
tara_S0179	2011-12-02	A	TARA_137	surface	5	14.205	-116.643	north pacific	26.478605	33.84798	22.01524	195.126917	0.44487804878048787	2.4760975609756097	0.0653658536585366	2.3843902439024394	2.4552682926829274e-4	0.6862611427278108	40	1	0	2	ERR598989	2	6/19/17	TARA_20111202T1412Z_137_EVENT_PUMP_P_S_(5 m)_BACT_NUC-RNA(10L-or-10min)_W0.22-3_TARA_B100001287	TARA_B100001287	[SRF] surface water layer (ENVO:00010504)
tara_S0180	2011-12-11	A	TARA_138	dcm	59.5	6.349	-103.023	north pacific	17.291965	34.664045	25.194555	77.038525	1.0809756097560979	7.8760975609756105	0.45268292682926836	12.589268292682927	2.1457951219512196e-4	1	59.5	1	1	2	ERR599087	2	6/19/17	TARA_20111211T1332Z_138_Combined-EVENTS_CAST_MB_D_(60 m)_BACT_NUC-RNA(10L-or-10min)_W0.22-3_TARA_B100001996	TARA_B100001996	[DCM] deep chlorophyll maximum layer (ENVO:01000326)
tara_S0181	2011-12-10	A	TARA_138	surface	5	6.349	-103.023	north pacific	26.605515	33.52041	21.72899	196.88275	0.15365853658536588	1.1565853658536587	0.0029268292682926834	0.0019512195121951222	1.2230341463414634e-4	0.5699678099879969	59.5	1	0	2	ERR599030	2	6/19/17	TARA_20111210T1408Z_138_EVENT_PUMP_P_S_(5 m)_BACT_NUC-RNA(10L-or-10min)_W0.22-3_TARA_B100001989	TARA_B100001989	[SRF] surface water layer (ENVO:00010504)
tara_S0182	2011-12-21	A	TARA_140	surface	5	7.412	-79.302	north pacific	26.555663	28.922675	18.28625	205.2885	0.09117073170731708	0.6182926829268294	0.0041951219512195125	0.002682926829268293	1.7782829268292682e-4	1	NA	1	1	2	ERR599162	2	6/19/17	TARA_20111221T1620Z_140_EVENT_PUMP_P_S_(5 m)_BACT_NUC-DNA(100L)_W0.22-3_TARA_B100002019	TARA_B100002019	[SRF] surface water layer (ENVO:00010504)
tara_S0183	2011-12-30	A	TARA_141	surface	5	9.848	-80.045	north atlantic	27.1673	34.80515	22.518037	195.523833	0.012878048780487806	1.0921951219512196	0.0020000000000000005	4.8780487804878054e-4	9.186829268292684e-5	1	NA	1	1	2	ERR599029	2	6/19/17	TARA_20111230T1335Z_141_EVENT_PUMP_P_S_(5 m)_BACT_NUC-DNA(100L)_W0.22-3_TARA_B100001939	TARA_B100001939	[SRF] surface water layer (ENVO:00010504)
tara_S0184	2012-01-09	A	TARA_142	dcm	125.5	25.589	-88.432	north atlantic	24.961605	36.17927	24.25287	192.971638	NaN	1.1395121951219513	0.017073170731707322	0.060000000000000005	1.1211024390243904e-4	0.9307786390623608	125.5	1	1	2	ERR599100	2	6/19/17	TARA_20120109T2019Z_142_Combined-EVENTS_CAST_MB_D_(125 m)_BACT_NUC-DNA(100L)_W0.22-3_TARA_B100002052	TARA_B100002052	[DCM] deep chlorophyll maximum layer (ENVO:01000326)
tara_S0185	2012-01-09	A	TARA_142	surface	5	25.589	-88.432	north atlantic	24.98456	36.177285	24.236425	194.2675	0.0029268292682926834	1.1882926829268294	0.019024390243902442	0.047804878048780496	1.204478048780488e-4	1	125.5	1	1	2	ERR599136	2	6/19/17	TARA_20120109T1341Z_142_EVENT_PUMP_P_S_(5 m)_BACT_NUC-DNA(100L)_W0.22-3_TARA_B100002051	TARA_B100002051	[SRF] surface water layer (ENVO:00010504)
tara_S0186	2012-02-02	A	TARA_145	surface	5	39.235	-70.036	north atlantic	13.993715	35.12152	26.282555	233.859	0.3246341463414634	2.3553658536585367	0.09073170731707318	3.7	1.6567512195121952e-4	1	NA	1	1	2	ERR598983	2	6/19/17	TARA_20120202T1152Z_145_EVENT_PUMP_P_S_(5 m)_BACT_NUC-DNA(100L)_W0.22-3_TARA_B100001142	TARA_B100001142	[SRF] surface water layer (ENVO:00010504)
tara_S0187	2012-02-15	A	TARA_146	surface	5	34.669	-71.3	north atlantic	19.312775	36.513137	26.097587	214.365	NaN	0.9209756097560976	0.21707317073170734	0.7195121951219513	1.2303609756097563e-4	1	NA	1	1	1	ERR598968	2	6/19/17	TARA_20120215T1254Z_146_EVENT_PUMP_P_S_(5 m)_BACT_NUC-DNA(100L)_W0.22-3_TARA_B100001540	TARA_B100001540	[SRF] surface water layer (ENVO:00010504)
tara_S0188	2012-02-27	A	TARA_148b	mesopelagic	249	34.15	-56.968	north atlantic	18.129194	36.565812	26.450856	191.752575	0.17463414634146343	1.582926829268293	0.029756097560975612	4.027804878048781	0	NaN	NA	NA	NA	2	ERR598958	2	6/19/17	TARA_20120227T1532Z_148b_Combined-EVENTS_CAST_MB_M_(250 m)_BACT_NUC-RNA(10L-or-10min)_W0.22-3_TARA_B100001750	TARA_B100001750	[MES] marine water layer (ENVO:01000295) within the mesopelagic zone (ENVO:00000213)
tara_S0189	2012-02-24	A	TARA_148	surface	5	31.695	-64.249	north atlantic	20.481195	36.596745	25.85157	212.5623	0.0014634146341463417	0.7102439024390245	0.09073170731707318	0.14682926829268295	1.1795414634146342e-4	1	NA	1	1	1	ERR599123	2	6/19/17	TARA_20120224T1140Z_148_EVENT_PUMP_P_S_(5 m)_BACT_NUC-RNA(10L-or-10min)_W0.22-3_TARA_B100001741	TARA_B100001741	[SRF] surface water layer (ENVO:00010504)
tara_S0190	2012-03-01	A	TARA_149	surface	5	34.095	-49.871	north atlantic	18.82554	36.41274	26.146925	220.189917	NaN	NaN	NaN	NaN	1.5258634146341466e-4	1	NA	1	1	2	ERR598963	2	6/19/17	TARA_20120301T1048Z_149_EVENT_PUMP_P_S_(5 m)_BACT_NUC-RNA(10L-or-10min)_W0.22-3_TARA_B100001758	TARA_B100001758	[SRF] surface water layer (ENVO:00010504)
tara_S0191	2012-03-05	A	TARA_150	dcm	40	35.889	-37.228	north atlantic	17.585567	36.285033	26.360683	230.132971	0	0.8217560975609757	0.039024390243902446	0.1702439024390244	2.088e-4	1	40	1	1	2	ERR598996	2	6/19/17	TARA_20120305T1734Z_150_EVENT_PUMP_P_D_(40 m)_BACT_NUC-DNA(100L)_W0.22-3_TARA_B100001778	TARA_B100001778	[DCM] deep chlorophyll maximum layer (ENVO:01000326)
tara_S0192	2012-03-05	A	TARA_150	surface	5	35.889	-37.228	north atlantic	17.627142	36.285292	26.349408	228.375583	0.005365853658536586	0.8154146341463415	0.03463414634146342	0.16536585365853662	1.8634439024390245e-4	0.8924539762639006	40	1	0	2	ERR599170	2	6/19/17	TARA_20120305T0925Z_150_EVENT_PUMP_P_S_(5 m)_BACT_NUC-RNA(10L-or-10min)_W0.22-3_TARA_B100001769	TARA_B100001769	[SRF] surface water layer (ENVO:00010504)
tara_S0193	2012-03-09	A	TARA_151	dcm	79	36.176	-28.98	north atlantic	16.74703	36.182395	26.48531	228.54515	0.021463414634146343	0.6180487804878049	0.04048780487804879	0.13853658536585367	1.6061463414634148e-4	1	79	1	1	3	ERR598986	2	6/19/17	TARA_20120309T1745Z_151_Combined-EVENTS_CAST_MB_D_(80 m)_BACT_NUC-DNA(100L)_W0.22-3_TARA_B100001559	TARA_B100001559	[DCM] deep chlorophyll maximum layer (ENVO:01000326)
tara_S0194	2012-03-09	A	TARA_151	surface	5	36.176	-28.98	north atlantic	17.303005	36.229605	26.38564	232.053333	0.012195121951219514	0.6385365853658537	0.01853658536585366	NaN	1.0896195121951219e-4	0.678406122820871	79	1	0	3	ERR598976	2	6/19/17	TARA_20120309T0859Z_151_EVENT_PUMP_P_S_(5 m)_BACT_NUC-RNA(10L-or-10min)_W0.22-3_TARA_B100001564	TARA_B100001564	[SRF] surface water layer (ENVO:00010504)
tara_S0195	2012-03-19	A	TARA_152	mixed.layer	82.5	43.722	-16.87	north atlantic	14.306265	35.99217	26.89135	NA	0.16292682926829272	1.2878048780487807	0.32000000000000006	2.2287804878048783	1.8373170731707318e-4	0.9834563143300277	NA	1	1	1	ERR599001	2	6/19/17	TARA_20120319T1848Z_152_EVENT_CAST_B2-B10_I_(5-160 m)_BACT_NUC-DNA(100L)_W0.22-3_TARA_B100002029	TARA_B100002029	[MIX] marine epipelagic wind mixed layer (ENVO:01000061)
tara_S0196	2012-03-19	A	TARA_152	surface	5	43.722	-16.87	north atlantic	14.31675	35.99167	26.88634	243.148	0.155609756097561	1.2058536585365855	0.30292682926829273	2.1063414634146342	1.8682243902439025e-4	1	NA	1	1	1	ERR599078	2	6/19/17	TARA_20120319T0818Z_152_EVENT_PUMP_P_S_(5 m)_BACT_NUC-DNA(100L)_W0.22-3_TARA_B100001173	TARA_B100001173	[SRF] surface water layer (ENVO:00010504)
tara_S0197	2010-03-12	A	TARA_037	mesopelagic	600.5	20.846	63.585	indian	11.984006	35.672725	27.130513	1.63999	NaN	NaN	NaN	NaN	7.830243902439025e-6	1	NA	1	1	2	ERR599062	2	6/19/17	TARA_20100313T0507Z_037_Combined-EVENTS_CAST_MB_M_(600 m)_BACT_NUC-RNA(10L-or-10min)_W0.22-1.6_TARA_B100000315	TARA_B100000315	[MES] marine water layer (ENVO:01000295) within the mesopelagic zone (ENVO:00000213)
tara_S0198	2010-03-16	A	TARA_038	mesopelagic	341	19.034	64.523	indian	14.901445	36.014205	26.787485	NA	2.5746341463414635	37.990243902439026	0.6741463414634147	22.858536585365854	2.5024390243902442e-6	0.013796108045309324	25	0	0	2	ERR599109	2	6/19/17	TARA_20100316T0614Z_038_Combined-EVENTS_CAST_MB_M_(340 m)_BACT_NUC-RNA(10L-or-10min)_W0.22-1.6_TARA_B100000071	TARA_B100000071	[MES] marine water layer (ENVO:01000295) within the mesopelagic zone (ENVO:00000213)
tara_S0199	2010-03-16	B	TARA_038	mesopelagic	341	19.034	64.523	indian	14.901445	36.014205	26.787485	NA	2.5746341463414635	37.990243902439026	0.6741463414634147	22.858536585365854	2.5024390243902442e-6	0.013796108045309324	25	0	0	2	ERR599167	2	6/19/17	TARA_20100316T0614Z_038_Combined-EVENTS_CAST_MB_M_(340 m)_BACT_NUC-RNA(10L-or-10min)_W0.22-1.6_TARA_B100000071	TARA_B100000071	[MES] marine water layer (ENVO:01000295) within the mesopelagic zone (ENVO:00000213)
tara_S0200	2010-06-26	A	TARA_056	mesopelagic	999	-15.34	43.296	indian	6.195775	34.8293	27.4047	88.1626	NaN	NaN	NaN	NaN	0	0	NA	0	0	4	ERR599112	2	6/19/17	TARA_20100626T0713Z_056_EVENT_CAST_B5_M_(1000 m)_BACT_NUC-DNA(100L)_W0.22-3_TARA_B100000378	TARA_B100000378	[MES] marine water layer (ENVO:01000295) within the mesopelagic zone (ENVO:00000213)
tara_S0201	2010-07-07	A	TARA_064	mesopelagic	1000	-29.514	37.953	indian	7.552017	34.572658	27.0189	193.011	NaN	NaN	NaN	NaN	0	0	65	0	0	2	ERR599021	2	6/19/17	TARA_20100707T1217Z_064_Combined-EVENTS_CAST_MB_M_(1000 m)_BACT_NUC-DNA(100L)_W0.22-3_TARA_B100000408	TARA_B100000408	[MES] marine water layer (ENVO:01000295) within the mesopelagic zone (ENVO:00000213)
tara_S0202	2010-07-07	B	TARA_064	mesopelagic	1000	-29.514	37.953	indian	7.552017	34.572658	27.0189	193.011	NaN	NaN	NaN	NaN	0	0	65	0	0	2	ERR599164	2	6/19/17	TARA_20100707T1217Z_064_Combined-EVENTS_CAST_MB_M_(1000 m)_BACT_NUC-DNA(100L)_W0.22-3_TARA_B100000408	TARA_B100000408	[MES] marine water layer (ENVO:01000295) within the mesopelagic zone (ENVO:00000213)
tara_S0203	2010-07-12	A	TARA_065	mesopelagic	850	-35.207	26.296	indian	8.33035	34.630583	26.947583	197.9725	NaN	NaN	NaN	NaN	0	0	30	0	0	2	ERR598960	2	6/19/17	TARA_20100712T0650Z_065_Combined-EVENTS_CAST_MB_M_(850 m)_BACT_NUC-DNA(100L)_W0.22-3_TARA_B000000460	TARA_B000000460	[MES] marine water layer (ENVO:01000295) within the mesopelagic zone (ENVO:00000213)
tara_S0204	2010-07-12	B	TARA_065	mesopelagic	850	-35.207	26.296	indian	8.33035	34.630583	26.947583	197.9725	NaN	NaN	NaN	NaN	0	0	30	0	0	2	ERR599034	2	6/19/17	TARA_20100712T0650Z_065_Combined-EVENTS_CAST_MB_M_(850 m)_BACT_NUC-DNA(100L)_W0.22-3_TARA_B000000460	TARA_B000000460	[MES] marine water layer (ENVO:01000295) within the mesopelagic zone (ENVO:00000213)
tara_S0205	2010-09-13	A	TARA_068	mesopelagic	700.5	-31.025	4.672	south atlantic	7.32145	34.50494	26.992205	195.168847	1.4917073170731707	11.785365853658538	0.0029268292682926834	21.541463414634148	0	0	50	0	0	2	ERR598947	2	6/19/17	TARA_20100913T1303Z_068_Combined-EVENTS_CAST_MB_M_(700 m)_BACT_NUC-DNA(100L)_W0.22-3_TARA_B100000470	TARA_B100000470	[MES] marine water layer (ENVO:01000295) within the mesopelagic zone (ENVO:00000213)
tara_S0206	2010-09-13	B	TARA_068	mesopelagic	700.5	-31.025	4.672	south atlantic	7.32145	34.50494	26.992205	195.168847	1.4917073170731707	11.785365853658538	0.0029268292682926834	21.541463414634148	0	0	50	0	0	2	ERR599131	2	6/19/17	TARA_20100913T1303Z_068_Combined-EVENTS_CAST_MB_M_(700 m)_BACT_NUC-DNA(100L)_W0.22-3_TARA_B100000470	TARA_B100000470	[MES] marine water layer (ENVO:01000295) within the mesopelagic zone (ENVO:00000213)
tara_S0207	2010-09-21	A	TARA_070	mesopelagic	798.5	-20.408	-3.17	south atlantic	4.188237	34.446963	27.333325	161.730633	2.4604878048780487	43.765853658536585	0.009756097560975611	35.834146341463416	0	0	NA	0	0	2	ERR599044	2	6/19/17	TARA_20100922T0637Z_070_Combined-EVENTS_CAST_MB_M_(800 m)_BACT_NUC-DNA(100L)_W0.22-3_TARA_B100000446	TARA_B100000446	[MES] marine water layer (ENVO:01000295) within the mesopelagic zone (ENVO:00000213)
tara_S0208	2010-09-21	B	TARA_070	mesopelagic	798.5	-20.408	-3.17	south atlantic	4.188237	34.446963	27.333325	161.730633	2.4604878048780487	43.765853658536585	0.009756097560975611	35.834146341463416	0	0	NA	0	0	2	ERR599149	2	6/19/17	TARA_20100922T0637Z_070_Combined-EVENTS_CAST_MB_M_(800 m)_BACT_NUC-DNA(100L)_W0.22-3_TARA_B100000446	TARA_B100000446	[MES] marine water layer (ENVO:01000295) within the mesopelagic zone (ENVO:00000213)
tara_S0209	2010-10-06	A	TARA_072	mesopelagic	800	-8.769	-17.925	south atlantic	4.641719	34.476312	27.30785	143.1955	2.5541463414634147	33.6	0.006829268292682928	36.078048780487805	0	0	100	0	0	4	ERR599005	2	6/19/17	TARA_20101006T0759Z_072_Combined-EVENTS_CAST_MB_M_(800 m)_BACT_NUC-DNA(100L)_W0.22-3_TARA_B100000508	TARA_B100000508	[MES] marine water layer (ENVO:01000295) within the mesopelagic zone (ENVO:00000213)
tara_S0210	2010-10-06	B	TARA_072	mesopelagic	800	-8.769	-17.925	south atlantic	4.641719	34.476312	27.30785	143.1955	2.5541463414634147	33.6	0.006829268292682928	36.078048780487805	0	0	100	0	0	4	ERR599048	2	6/19/17	TARA_20101006T0759Z_072_Combined-EVENTS_CAST_MB_M_(800 m)_BACT_NUC-DNA(100L)_W0.22-3_TARA_B100000508	TARA_B100000508	[MES] marine water layer (ENVO:01000295) within the mesopelagic zone (ENVO:00000213)
tara_S0211	2010-10-17	A	TARA_076	mesopelagic	800	-20.965	-35.236	south atlantic	4.664275	34.369569	27.220344	192.1655	NaN	NaN	NaN	NaN	0	0	150	0	0	4	ERR599000	2	6/19/17	TARA_20101017T0905Z_076_Combined-EVENTS_CAST_MB_M_(800 m)_BACT_NUC-DNA(100L)_W0.22-3_TARA_B100000749	TARA_B100000749	[MES] marine water layer (ENVO:01000295) within the mesopelagic zone (ENVO:00000213)
tara_S0212	2010-10-17	B	TARA_076	mesopelagic	800	-20.965	-35.236	south atlantic	4.664275	34.369569	27.220344	192.1655	NaN	NaN	NaN	NaN	0	0	150	0	0	4	ERR599154	2	6/19/17	TARA_20101017T0905Z_076_Combined-EVENTS_CAST_MB_M_(800 m)_BACT_NUC-DNA(100L)_W0.22-3_TARA_B100000749	TARA_B100000749	[MES] marine water layer (ENVO:01000295) within the mesopelagic zone (ENVO:00000213)
tara_S0213	2010-11-05	A	TARA_078	mesopelagic	800	-30.144	-43.284	south atlantic	5.823213	34.355	27.076125	214.842	NaN	NaN	NaN	NaN	0	0	120	0	0	4	ERR599124	2	6/19/17	TARA_20101105T1235Z_078_Combined-EVENTS_CAST_MB_M_(800 m)_BACT_NUC-DNA(100L)_W0.22-3_TARA_B100000745	TARA_B100000745	[MES] marine water layer (ENVO:01000295) within the mesopelagic zone (ENVO:00000213)
tara_S0214	2010-11-05	B	TARA_078	mesopelagic	800	-30.144	-43.284	south atlantic	5.823213	34.355	27.076125	214.842	NaN	NaN	NaN	NaN	0	0	120	0	0	4	ERR599159	2	6/19/17	TARA_20101105T1235Z_078_Combined-EVENTS_CAST_MB_M_(800 m)_BACT_NUC-DNA(100L)_W0.22-3_TARA_B100000745	TARA_B100000745	[MES] marine water layer (ENVO:01000295) within the mesopelagic zone (ENVO:00000213)
tara_S0215	2011-01-07	A	TARA_085	mesopelagic	791	-62.077	-49.415	southern ocean	0.456763	34.6802	27.8267	203.8394	2.5502439024390244	81.3170731707317	0.0175609756097561	35.482926829268294	0	0	89	0	0	2	ERR599008	2	6/19/17	TARA_20110107T1041Z_085_Combined-EVENTS_CAST_MB_M_(790 m)_BACT_NUC-DNA(100L)_W0.22-3_TARA_B100000809	TARA_B100000809	[MES] marine water layer (ENVO:01000295) within the mesopelagic zone (ENVO:00000213)
tara_S0216	2011-01-07	B	TARA_085	mesopelagic	791	-62.077	-49.415	southern ocean	0.456763	34.6802	27.8267	203.8394	2.5502439024390244	81.3170731707317	0.0175609756097561	35.482926829268294	0	0	89	0	0	2	ERR599125	2	6/19/17	TARA_20110107T1041Z_085_Combined-EVENTS_CAST_MB_M_(790 m)_BACT_NUC-DNA(100L)_W0.22-3_TARA_B100000809	TARA_B100000809	[MES] marine water layer (ENVO:01000295) within the mesopelagic zone (ENVO:00000213)
tara_S0217	2011-04-04	A	TARA_098	mesopelagic	487.5	-25.813	-111.713	south pacific	7.96837	34.3655	26.78725	155.55759	1.973658536585366	11.756097560975611	0	26.622926829268295	0	0	187.5	0	0	4	ERR599071	2	6/19/17	TARA_20110404T1359Z_098_Combined-EVENTS_CAST_MB_M_(488 m)_BACT_NUC-DNA(100L)_W0.22-3_TARA_B100001013	TARA_B100001013	[MES] marine water layer (ENVO:01000295) within the mesopelagic zone (ENVO:00000213)
tara_S0218	2011-04-04	B	TARA_098	mesopelagic	487.5	-25.813	-111.713	south pacific	7.96837	34.3655	26.78725	155.55759	1.973658536585366	11.756097560975611	0	26.622926829268295	0	0	187.5	0	0	4	ERR599085	2	6/19/17	TARA_20110404T1359Z_098_Combined-EVENTS_CAST_MB_M_(488 m)_BACT_NUC-DNA(100L)_W0.22-3_TARA_B100001013	TARA_B100001013	[MES] marine water layer (ENVO:01000295) within the mesopelagic zone (ENVO:00000213)
tara_S0219	2011-04-22	A	TARA_102	mesopelagic	480	-5.261	-85.204	south pacific	9.137438	34.692094	26.863531	4.42525	2.7834146341463417	39.58926829268293	0.013658536585365855	38.2219512195122	0	0	40	0	0	2	ERR599055	2	6/19/17	TARA_20110422T1210Z_102_Combined-EVENTS_CAST_MB_M_(480 m)_BACT_NUC-RNA(10L-or-10min)_W0.22-3_TARA_B100000953	TARA_B100000953	[MES] marine water layer (ENVO:01000295) within the mesopelagic zone (ENVO:00000213)
tara_S0220	2011-04-22	B	TARA_102	mesopelagic	480	-5.261	-85.204	south pacific	9.137438	34.692094	26.863531	4.42525	2.7834146341463417	39.58926829268293	0.013658536585365855	38.2219512195122	0	0	40	0	0	2	ERR599128	2	6/19/17	TARA_20110422T1210Z_102_Combined-EVENTS_CAST_MB_M_(480 m)_BACT_NUC-RNA(10L-or-10min)_W0.22-3_TARA_B100000953	TARA_B100000953	[MES] marine water layer (ENVO:01000295) within the mesopelagic zone (ENVO:00000213)
tara_S0221	2011-04-22	C	TARA_102	mesopelagic	480	-5.261	-85.204	south pacific	9.137438	34.692094	26.863531	4.42525	2.7834146341463417	39.58926829268293	0.013658536585365855	38.2219512195122	0	0	40	0	0	2	ERR599132	2	6/19/17	TARA_20110422T1210Z_102_Combined-EVENTS_CAST_MB_M_(480 m)_BACT_NUC-RNA(10L-or-10min)_W0.22-3_TARA_B100000953	TARA_B100000953	[MES] marine water layer (ENVO:01000295) within the mesopelagic zone (ENVO:00000213)
tara_S0222	2011-05-13	A	TARA_109	mesopelagic	380	2.029	-84.561	south pacific	11.142362	34.791419	26.595869	2.516667	NaN	NaN	NaN	NaN	0	0	30	0	0	2	ERR598971	2	6/19/17	TARA_20110513T1617Z_109_Combined-EVENTS_CAST_MB_M_(380 m)_BACT_NUC-RNA(10L-or-10min)_W0.22-3_TARA_B100000929	TARA_B100000929	[MES] marine water layer (ENVO:01000295) within the mesopelagic zone (ENVO:00000213)
tara_S0223	2011-05-13	B	TARA_109	mesopelagic	380	2.029	-84.561	south pacific	11.142362	34.791419	26.595869	2.516667	NaN	NaN	NaN	NaN	0	0	30	0	0	2	ERR599067	2	6/19/17	TARA_20110513T1617Z_109_Combined-EVENTS_CAST_MB_M_(380 m)_BACT_NUC-RNA(10L-or-10min)_W0.22-3_TARA_B100000929	TARA_B100000929	[MES] marine water layer (ENVO:01000295) within the mesopelagic zone (ENVO:00000213)
tara_S0224	2011-05-22	A	TARA_110	mesopelagic	380.5	-1.935	-84.61	south pacific	10.082375	34.747805	26.748625	1.27395	NaN	NaN	NaN	NaN	7.523902439024391e-6	0.027344511773528445	50	0	0	2	ERR599020	2	6/19/17	TARA_20110522T1320Z_110_Combined-EVENTS_CAST_MB_M_(380 m)_BACT_NUC-DNA(100L)_W0.22-3_TARA_B100001079	TARA_B100001079	[MES] marine water layer (ENVO:01000295) within the mesopelagic zone (ENVO:00000213)
tara_S0225	2011-06-01	A	TARA_111	mesopelagic	350.5	-16.956	-100.66	south pacific	10.69894	34.7072	26.609085	3.171063	NaN	NaN	NaN	NaN	1.5046829268292682e-5	0.07418077927574779	90.5	0	0	3	ERR599086	2	6/19/17	TARA_20110601T1603Z_111_Combined-EVENTS_CAST_MB_M_(350 m)_BACT_NUC-DNA(100L)_W0.22-3_TARA_B100000586	TARA_B100000586	[MES] marine water layer (ENVO:01000295) within the mesopelagic zone (ENVO:00000213)
tara_S0226	2011-06-15	A	TARA_112	mesopelagic	695.5	-23.241	-129.498	south pacific	5.749106	34.306075	27.043012	199.248437	NaN	NaN	NaN	NaN	0	0	155.5	0	0	4	ERR599072	2	6/19/17	TARA_20110615T1845Z_112_Combined-EVENTS_CAST_MB_M_(696 m)_BACT_NUC-DNA(100L)_W0.22-3_TARA_B100000949	TARA_B100000949	[MES] marine water layer (ENVO:01000295) within the mesopelagic zone (ENVO:00000213)
tara_S0227	2011-07-27	A	TARA_122	mesopelagic	600	-8.982	-139.215	south pacific	7.133995	34.5789	27.07634	38.115125	NaN	NaN	NaN	NaN	0	0	115	0	0	4	ERR598999	2	6/19/17	TARA_20110727T1932Z_122_Combined-EVENTS_CAST_MB_M_(600 m)_BACT_NUC-RNA(10L-or-10min)_W0.22-3_TARA_B100000678	TARA_B100000678	[MES] marine water layer (ENVO:01000295) within the mesopelagic zone (ENVO:00000213)
tara_S0228	2011-07-27	B	TARA_122	mesopelagic	600	-8.982	-139.215	south pacific	7.133995	34.5789	27.07634	38.115125	NaN	NaN	NaN	NaN	0	0	115	0	0	4	ERR599033	2	6/19/17	TARA_20110727T1932Z_122_Combined-EVENTS_CAST_MB_M_(600 m)_BACT_NUC-RNA(10L-or-10min)_W0.22-3_TARA_B100000678	TARA_B100000678	[MES] marine water layer (ENVO:01000295) within the mesopelagic zone (ENVO:00000213)
tara_S0229	2011-07-27	C	TARA_122	mesopelagic	600	-8.982	-139.215	south pacific	7.133995	34.5789	27.07634	38.115125	NaN	NaN	NaN	NaN	0	0	115	0	0	4	ERR599083	2	6/19/17	TARA_20110727T1932Z_122_Combined-EVENTS_CAST_MB_M_(600 m)_BACT_NUC-RNA(10L-or-10min)_W0.22-3_TARA_B100000678	TARA_B100000678	[MES] marine water layer (ENVO:01000295) within the mesopelagic zone (ENVO:00000213)
tara_S0230	2011-07-27	D	TARA_122	mesopelagic	600	-8.982	-139.215	south pacific	7.133995	34.5789	27.07634	38.115125	NaN	NaN	NaN	NaN	0	0	115	0	0	4	ERR599096	2	6/19/17	TARA_20110727T1932Z_122_Combined-EVENTS_CAST_MB_M_(600 m)_BACT_NUC-RNA(10L-or-10min)_W0.22-3_TARA_B100000678	TARA_B100000678	[MES] marine water layer (ENVO:01000295) within the mesopelagic zone (ENVO:00000213)
tara_S0231	2011-10-05	A	TARA_132	mesopelagic	550.5	31.522	-159.021	north pacific	6.634392	33.991383	26.6805	138.735952	NaN	NaN	NaN	NaN	0	0	115.5	0	0	4	ERR598980	2	6/19/17	TARA_20111005T2047Z_132_Combined-EVENTS_CAST_MB_M_(550 m)_BACT_NUC-DNA(100L)_W0.22-3_TARA_B100001245	TARA_B100001245	[MES] marine water layer (ENVO:01000295) within the mesopelagic zone (ENVO:00000213)
tara_S0232	2011-10-19	A	TARA_133	mesopelagic	650.5	35.346	-127.74	north pacific	4.918875	34.333562	27.162231	8.57745	NaN	NaN	NaN	NaN	0	0	45	0	0	2	ERR599115	2	6/19/17	TARA_20111019T1928Z_133_Combined-EVENTS_CAST_MB_M_(650 m)_BACT_NUC-DNA(100L)_W0.22-3_TARA_B100001105	TARA_B100001105	[MES] marine water layer (ENVO:01000295) within the mesopelagic zone (ENVO:00000213)
tara_S0233	2011-12-03	A	TARA_137	mesopelagic	374.5	14.205	-116.643	north pacific	8.887131	34.5882	26.820475	0.628413	2.8824390243902442	45.487317073170736	0.009073170731707316	33.70829268292683	0	0	40	0	0	2	ERR599015	2	6/19/17	TARA_20111203T1433Z_137_Combined-EVENTS_CAST_MB_M_(375 m)_BACT_NUC-RNA(10L-or-10min)_W0.22-3_TARA_B100001971	TARA_B100001971	[MES] marine water layer (ENVO:01000295) within the mesopelagic zone (ENVO:00000213)
tara_S0234	2011-12-03	B	TARA_137	mesopelagic	374.5	14.205	-116.643	north pacific	8.887131	34.5882	26.820475	0.628413	2.8824390243902442	45.487317073170736	0.009073170731707316	33.70829268292683	0	0	40	0	0	2	ERR599076	2	6/19/17	TARA_20111203T1433Z_137_Combined-EVENTS_CAST_MB_M_(375 m)_BACT_NUC-RNA(10L-or-10min)_W0.22-3_TARA_B100001971	TARA_B100001971	[MES] marine water layer (ENVO:01000295) within the mesopelagic zone (ENVO:00000213)
tara_S0235	2011-12-03	C	TARA_137	mesopelagic	374.5	14.205	-116.643	north pacific	8.887131	34.5882	26.820475	0.628413	2.8824390243902442	45.487317073170736	0.009073170731707316	33.70829268292683	0	0	40	0	0	2	ERR599127	2	6/19/17	TARA_20111203T1433Z_137_Combined-EVENTS_CAST_MB_M_(375 m)_BACT_NUC-RNA(10L-or-10min)_W0.22-3_TARA_B100001971	TARA_B100001971	[MES] marine water layer (ENVO:01000295) within the mesopelagic zone (ENVO:00000213)
tara_S0236	2011-12-03	D	TARA_137	mesopelagic	374.5	14.205	-116.643	north pacific	8.887131	34.5882	26.820475	0.628413	2.8824390243902442	45.487317073170736	0.009073170731707316	33.70829268292683	0	0	40	0	0	2	ERR599152	2	6/19/17	TARA_20111203T1433Z_137_Combined-EVENTS_CAST_MB_M_(375 m)_BACT_NUC-RNA(10L-or-10min)_W0.22-3_TARA_B100001971	TARA_B100001971	[MES] marine water layer (ENVO:01000295) within the mesopelagic zone (ENVO:00000213)
tara_S0237	2011-12-11	A	TARA_138	mesopelagic	449	6.349	-103.023	north pacific	8.149894	34.608919	26.951444	0.78015	3.078048780487805	51.63170731707317	0.007609756097560976	35.33560975609757	0	0	59.5	0	0	2	ERR599004	2	6/19/17	TARA_20111211T2040Z_138_Combined-EVENTS_CAST_MB_M_(450 m)_BACT_NUC-RNA(10L-or-10min)_W0.22-3_TARA_B100002003	TARA_B100002003	[MES] marine water layer (ENVO:01000295) within the mesopelagic zone (ENVO:00000213)
tara_S0238	2011-12-11	B	TARA_138	mesopelagic	449	6.349	-103.023	north pacific	8.149894	34.608919	26.951444	0.78015	3.078048780487805	51.63170731707317	0.007609756097560976	35.33560975609757	0	0	59.5	0	0	2	ERR599051	2	6/19/17	TARA_20111211T2040Z_138_Combined-EVENTS_CAST_MB_M_(450 m)_BACT_NUC-RNA(10L-or-10min)_W0.22-3_TARA_B100002003	TARA_B100002003	[MES] marine water layer (ENVO:01000295) within the mesopelagic zone (ENVO:00000213)
tara_S0239	2011-12-11	C	TARA_138	mesopelagic	449	6.349	-103.023	north pacific	8.149894	34.608919	26.951444	0.78015	3.078048780487805	51.63170731707317	0.007609756097560976	35.33560975609757	0	0	59.5	0	0	2	ERR599060	2	6/19/17	TARA_20111211T2040Z_138_Combined-EVENTS_CAST_MB_M_(450 m)_BACT_NUC-RNA(10L-or-10min)_W0.22-3_TARA_B100002003	TARA_B100002003	[MES] marine water layer (ENVO:01000295) within the mesopelagic zone (ENVO:00000213)
tara_S0240	2011-12-11	D	TARA_138	mesopelagic	449	6.349	-103.023	north pacific	8.149894	34.608919	26.951444	0.78015	3.078048780487805	51.63170731707317	0.007609756097560976	35.33560975609757	0	0	59.5	0	0	2	ERR599175	2	6/19/17	TARA_20111211T2040Z_138_Combined-EVENTS_CAST_MB_M_(450 m)_BACT_NUC-RNA(10L-or-10min)_W0.22-3_TARA_B100002003	TARA_B100002003	[MES] marine water layer (ENVO:01000295) within the mesopelagic zone (ENVO:00000213)
tara_S0241	2012-01-10	A	TARA_142	mesopelagic	640.5	25.589	-88.432	north atlantic	9.735075	35.165212	27.13905	108.240083	1.1878048780487807	8.413658536585368	0	NaN	0	0	125.5	0	0	2	ERR598985	2	6/19/17	TARA_20120110T1451Z_142_Combined-EVENTS_CAST_MB_M_(640 m)_BACT_NUC-DNA(100L)_W0.22-3_TARA_B100002049	TARA_B100002049	[MES] marine water layer (ENVO:01000295) within the mesopelagic zone (ENVO:00000213)
tara_S0242	2012-02-02	A	TARA_145	mesopelagic	591	39.235	-70.036	north atlantic	5.004169	34.963392	27.649883	230.24915	NaN	NaN	NaN	NaN	0	0	NA	0	0	2	ERR599166	2	6/19/17	TARA_20120202T1839Z_145_Combined-EVENTS_CAST_MB_M_(590 m)_BACT_NUC-DNA(100L)_W0.22-3_TARA_B100001146	TARA_B100001146	[MES] marine water layer (ENVO:01000295) within the mesopelagic zone (ENVO:00000213)
tara_S0243	2012-02-16	A	TARA_146	mesopelagic	639	34.669	-71.3	north atlantic	10.6855	35.36729	27.13082	138.0832	1.2814634146341464	12.918536585365855	0	19.536585365853657	7.523902439024391e-6	0.06115199188023344	NA	0	0	1	ERR599047	2	6/19/17	TARA_20120216T1208Z_146_Combined-EVENTS_CAST_MB_M_(640 m)_BACT_NUC-DNA(100L)_W0.22-3_TARA_B100001167	TARA_B100001167	[MES] marine water layer (ENVO:01000295) within the mesopelagic zone (ENVO:00000213)
tara_S0244	2012-03-01	A	TARA_149	mesopelagic	741	34.095	-49.871	north atlantic	10.496305	35.369805	27.170345	155.156833	1.3119512195121952	NaN	0.007073170731707318	20.413658536585366	4.7024390243902435e-6	0.030818217274825598	NA	0	0	2	ERR598964	2	6/19/17	TARA_20120301T1853Z_149_Combined-EVENTS_CAST_MB_M_(740 m)_BACT_NUC-RNA(10L-or-10min)_W0.22-3_TARA_B100001765	TARA_B100001765	[MES] marine water layer (ENVO:01000295) within the mesopelagic zone (ENVO:00000213)
tara_S0245	2012-03-19	A	TARA_152	mesopelagic	799	43.722	-16.87	north atlantic	10.167675	35.570583	27.385592	175.306683	NaN	NaN	NaN	NaN	0	0	NA	0	0	1	ERR598944	2	6/19/17	TARA_20120319T1502Z_152_Combined-EVENTS_CAST_MB_M_(800 m)_BACT_NUC-DNA(100L)_W0.22-3_TARA_B100001179	TARA_B100001179	[MES] marine water layer (ENVO:01000295) within the mesopelagic zone (ENVO:00000213)
